label,id,timestamp,ble_id,place,proxi,detector,batt
8-303,395492318,1716275603,15164,8-302,14.1254,1,0
8-303,395492320,1716275604,15164,8-303,5.01187,2,0
8-303,395492322,1716275604,15164,8-303,2.23872,1,0
8-303,395492327,1716275606,15155,8-303,10.0,2,0
8-303,395492329,1716275607,15155,8-303,5.01187,1,0
8-303,395492331,1716275607,15155,8-303,11.2202,0,0
8-303,395492333,1716275607,15158,8-302,8.91251,1,0
8-303,395492336,1716275609,15158,8-303,6.30957,1,0
8-303,395492343,1716275611,15164,8-303,10.0,0,0
8-303,395492345,1716275612,15164,8-302,15.8489,1,0
8-303,395492351,1716275615,15158,8-303,1.12202,2,0
8-303,395492352,1716275615,15155,8-303,4.46684,1,0
8-303,395492353,1716275615,15159,8-303,8.91251,1,0
8-303,395492354,1716275615,15158,8-303,5.62341,1,0
8-303,395492357,1716275616,15155,8-302,79.4328,0,0
8-303,395492361,1716275619,15164,8-303,11.2202,2,0
8-303,395492362,1716275619,15164,8-303,5.01187,1,0
8-303,395492365,1716275620,15164,8-303,11.2202,0,0
8-303,395492366,1716275620,15164,8-302,17.7828,1,0
8-303,395492368,1716275621,15159,8-303,3.98107,2,0
8-303,395492369,1716275621,15159,8-303,10.0,1,0
8-303,395492370,1716275622,15159,8-303,22.3872,0,0
8-303,395492371,1716275622,15159,8-320,12.5893,1,0
8-303,395492373,1716275623,15155,8-303,4.46684,1,0
8-303,395492375,1716275624,15158,8-302,44.6684,0,0
8-303,395492377,1716275624,15158,8-302,39.8107,1,0
8-303,395492382,1716275628,15164,8-303,10.0,2,0
8-303,395492384,1716275628,15164,8-303,12.5893,0,0
8-303,395492387,1716275630,15159,8-303,11.2202,1,0
8-303,395492389,1716275630,15159,8-303,3.98107,2,0
8-303,395492392,1716275630,15159,8-320,31.6228,1,0
8-303,395492393,1716275630,15159,8-303,44.6684,0,0
8-303,395492396,1716275632,15158,8-303,6.30957,1,0
8-303,395492398,1716275632,15158,8-303,0.446684,2,0
8-303,395492409,1716275638,15159,8-303,17.7828,1,0
8-303,395492410,1716275638,15155,8-302,141.254,0,0
8-303,395492412,1716275639,15159,8-303,3.54813,2,0
8-303,395492414,1716275639,15158,8-303,19.9526,0,0
8-303,395492416,1716275639,15158,8-320,44.6684,1,0
8-303,395492419,1716275641,15158,8-302,14.1254,1,0
8-303,395492422,1716275643,15164,8-303,2.23872,1,0
8-303,395492423,1716275643,15164,8-302,35.4813,0,0
8-303,395492431,1716275645,15159,8-320,11.2202,1,0
8-303,395492434,1716275647,15155,8-303,2.81838,1,0
8-303,395492435,1716275647,15159,8-303,11.2202,1,0
8-303,395492436,1716275647,15158,8-303,5.01187,1,0
8-303,395492438,1716275647,15159,8-302,14.1254,1,0
8-303,395492440,1716275647,15158,8-302,15.8489,1,0
8-303,395492441,1716275647,15159,8-303,28.1838,0,0
8-303,395492442,1716275647,15155,8-303,8.91251,2,0
8-303,395492443,1716275647,15159,8-303,4.46684,2,0
8-303,395492444,1716275647,15158,8-303,0.446684,2,0
8-303,395492446,1716275647,15158,8-320,44.6684,1,0
8-303,395492449,1716275651,15164,8-302,44.6684,0,0
8-303,395492450,1716275651,15164,8-303,4.46684,1,0
8-303,395492452,1716275651,15164,8-302,11.2202,1,0
8-303,395492455,1716275651,15164,8-303,12.5893,2,0
8-303,395492459,1716275653,15159,8-303,22.3872,0,0
8-303,395492461,1716275653,15159,8-303,5.62341,2,0
8-303,395492463,1716275654,15159,8-320,19.9526,1,0
8-303,395492464,1716275655,15159,8-302,141.254,0,0
8-303,395492466,1716275655,15155,8-303,5.62341,1,0
8-303,395492467,1716275655,15158,8-303,5.62341,1,0
8-303,395492469,1716275655,15155,8-302,25.1189,1,0
8-303,395492470,1716275655,15158,8-302,22.3872,1,0
8-303,395492471,1716275656,15155,8-303,14.1254,0,0
8-303,395492472,1716275656,15158,8-303,7.94328,0,0
8-303,395492474,1716275656,15158,8-303,1.25892,2,0
8-303,395492476,1716275656,15158,8-320,22.3872,1,0
8-303,395492479,1716275660,15164,8-302,12.5893,1,0
8-303,395492480,1716275660,15164,8-303,15.8489,0,0
8-303,395492481,1716275660,15164,8-303,8.91251,2,0
8-303,395492483,1716275660,15164,8-320,79.4328,1,0
8-303,395492484,1716275662,15159,8-303,8.91251,1,0
8-303,395492485,1716275662,15159,8-302,63.0957,1,0
8-303,395492487,1716275662,15159,8-303,5.62341,2,0
8-303,395492489,1716275662,15159,8-320,28.1838,1,0
8-303,395492491,1716275664,15155,8-303,3.16228,1,0
8-303,395492492,1716275664,15158,8-303,5.62341,1,0
8-303,395492504,1716275669,15159,8-302,56.2341,0,0
8-303,395492505,1716275670,15159,8-302,17.7828,1,0
8-303,395492508,1716275671,15159,8-303,3.54813,2,0
8-303,395492510,1716275671,15159,8-320,35.4813,1,0
8-303,395492511,1716275671,15158,8-320,22.3872,1,0
8-303,395492514,1716275672,15158,8-302,7.94328,1,0
8-303,395492515,1716275672,15158,8-303,5.01187,1,0
8-303,395492522,1716275676,15164,8-303,15.8489,0,0
8-303,395492524,1716275676,15164,8-302,15.8489,1,0
8-303,395492529,1716275679,15155,8-303,5.62341,1,0
8-303,395492530,1716275679,15155,8-302,63.0957,1,0
8-303,395492532,1716275679,15159,8-303,3.54813,2,0
8-303,395492533,1716275679,15158,8-303,1.25892,2,0
8-303,395492535,1716275680,15155,8-302,100.0,0,0
8-303,395492539,1716275683,15164,8-303,11.2202,0,0
8-303,395492543,1716275684,15164,8-302,56.2341,0,0
8-303,395492546,1716275686,15159,8-303,3.98107,2,0
8-303,395492548,1716275687,15155,8-302,28.1838,1,0
8-303,395492549,1716275687,15159,8-303,11.2202,1,0
8-303,395492550,1716275687,15158,8-302,17.7828,1,0
8-303,395492551,1716275687,15158,8-303,6.30957,1,0
8-303,395492659,1716275723,15164,8-320,70.7946,1,0
8-303,395492663,1716275725,15159,8-302,17.7828,1,0
8-303,395492664,1716275725,15159,8-303,10.0,1,0
8-303,395492666,1716275726,15155,8-303,50.1187,0,0
8-303,395492667,1716275726,15159,8-303,22.3872,0,0
8-303,395492668,1716275726,15155,8-303,8.91251,2,0
8-303,395492669,1716275727,15159,8-303,3.98107,2,0
8-303,395492672,1716275727,15159,8-320,19.9526,1,0
8-303,395492673,1716275727,15158,8-320,63.0957,1,0
8-303,395492674,1716275727,15158,8-302,8.91251,1,0
8-303,395492676,1716275727,15155,8-303,2.81838,1,0
8-303,395492677,1716275727,15158,8-303,10.0,1,0
8-303,395492679,1716275729,15158,8-303,3.16228,2,0
8-303,395492687,1716275731,15164,8-302,44.6684,0,0
8-303,395492688,1716275731,15164,8-320,79.4328,1,0
8-303,395492690,1716275732,15164,8-303,2.81838,1,0
8-303,395492694,1716275733,15159,8-320,31.6228,1,0
8-303,395492695,1716275734,15159,8-302,25.1189,1,0
8-303,395492696,1716275734,15159,8-303,10.0,1,0
8-303,395492697,1716275735,15159,8-303,25.1189,0,0
8-303,395492698,1716275735,15158,8-303,7.94328,0,0
8-303,395492700,1716275735,15159,8-303,5.01187,2,0
8-303,395492701,1716275735,15158,8-303,0.446684,2,0
8-303,395492709,1716275739,15164,8-303,4.46684,2,0
8-303,395492710,1716275739,15164,8-302,56.2341,0,0
8-303,395492712,1716275740,15164,8-302,15.8489,1,0
8-303,395492714,1716275740,15164,8-303,2.23872,1,0
8-303,395492719,1716275742,15159,8-320,22.3872,1,0
8-303,395492721,1716275742,15155,8-303,5.62341,1,0
8-303,395492722,1716275743,15155,8-303,12.5893,0,0
8-303,395492724,1716275744,15155,8-303,8.91251,2,0
8-303,395492725,1716275744,15158,8-303,0.446684,2,0
8-303,395492726,1716275744,15158,8-302,17.7828,1,0
8-303,395492733,1716275747,15164,8-303,4.46684,1,0
8-303,395492736,1716275748,15164,8-302,63.0957,0,0
8-303,395492738,1716275748,15164,8-303,7.94328,2,0
8-303,395492739,1716275748,15164,8-302,28.1838,1,0
8-303,395492741,1716275748,15164,8-320,56.2341,1,0
8-303,395492746,1716275750,15155,8-303,8.91251,2,0
8-303,395492747,1716275750,15155,8-302,70.7946,1,0
8-303,395492749,1716275750,15159,8-320,44.6684,1,0
8-303,395492750,1716275751,15158,8-303,5.01187,1,0
8-303,395492751,1716275752,15155,8-302,63.0957,0,0
8-303,395492752,1716275752,15158,8-302,39.8107,0,0
8-303,395492754,1716275752,15158,8-303,0.446684,2,0
8-303,395492758,1716275755,15164,8-320,79.4328,1,0
8-303,395492760,1716275755,15164,8-303,2.23872,1,0
8-303,395492763,1716275756,15164,8-302,50.1187,0,0
8-303,395492766,1716275757,15159,8-303,28.1838,1,0
8-303,395492769,1716275758,15159,8-303,25.1189,0,0
8-303,395492771,1716275759,15159,8-302,19.9526,1,0
8-303,395492772,1716275759,15159,8-303,3.54813,2,0
8-303,395492774,1716275759,15158,8-320,22.3872,1,0
8-303,395492775,1716275759,15158,8-303,5.62341,1,0
8-303,395492777,1716275763,15164,8-302,28.1838,1,0
8-303,395492778,1716275763,15164,8-303,12.5893,2,0
8-303,395492782,1716275764,15164,8-303,11.2202,0,0
8-303,395492783,1716275764,15164,8-302,39.8107,0,0
8-303,395492784,1716275765,15159,8-320,11.2202,1,0
8-303,395492785,1716275766,15159,8-303,10.0,1,0
8-303,395492787,1716275766,15155,8-303,50.1187,0,0
8-303,395492788,1716275766,15159,8-302,79.4328,0,0
8-303,395492789,1716275767,15159,8-302,79.4328,1,0
8-303,395492791,1716275767,15155,8-303,7.94328,2,0
8-303,395492792,1716275767,15159,8-303,5.62341,2,0
8-303,395492793,1716275767,15158,8-303,1.12202,2,0
8-303,395492794,1716275767,15158,8-320,22.3872,1,0
8-303,395492795,1716275768,15155,8-303,5.62341,1,0
8-303,395492800,1716275771,15164,8-302,14.1254,1,0
8-303,395492802,1716275771,15164,8-303,8.91251,2,0
8-303,395492804,1716275772,15164,8-303,3.16228,1,0
8-303,395492806,1716275772,15164,8-303,11.2202,0,0
8-303,395492808,1716275773,15159,8-302,17.7828,1,0
8-303,395492811,1716275774,15159,8-303,3.98107,2,0
8-303,395492814,1716275774,15155,8-303,6.30957,1,0
8-303,395492815,1716275775,15159,8-302,79.4328,0,0
8-303,395492817,1716275776,15158,8-320,19.9526,1,0
8-303,395492829,1716275782,15159,8-320,11.2202,1,0
8-303,395492830,1716275782,15159,8-303,3.54813,2,0
8-303,395492832,1716275783,15159,8-303,10.0,1,0
8-303,395492833,1716275783,15158,8-303,6.30957,1,0
8-303,395492835,1716275784,15158,8-320,19.9526,1,0
8-303,395492841,1716275787,15164,8-302,44.6684,0,0
8-303,395492843,1716275787,15164,8-303,2.51189,1,0
8-303,395492844,1716275788,15164,8-302,15.8489,1,0
8-303,395492848,1716275789,15159,8-303,25.1189,1,0
8-303,395492849,1716275790,15159,8-320,31.6228,1,0
8-303,395492852,1716275791,15158,8-302,35.4813,0,0
8-303,395492853,1716275792,15155,8-303,6.30957,1,0
8-303,395492854,1716275792,15158,8-303,10.0,1,0
8-303,395492855,1716275792,15158,8-302,11.2202,1,0
8-303,395492860,1716275795,15164,8-303,11.2202,2,0
8-303,395492861,1716275795,15164,8-302,44.6684,0,0
8-303,395492862,1716275796,15164,8-303,2.23872,1,0
8-303,395492863,1716275796,15164,8-302,14.1254,1,0
8-303,395492865,1716275797,15159,8-302,112.202,0,0
8-303,395492866,1716275798,15159,8-303,25.1189,1,0
8-303,395492867,1716275798,15159,8-302,14.1254,1,0
8-303,395492869,1716275799,15159,8-320,11.2202,1,0
8-303,395492870,1716275799,15159,8-303,31.6228,0,0
8-303,395492872,1716275799,15155,8-303,10.0,2,0
8-303,395492873,1716275799,15159,8-303,3.54813,2,0
8-303,395492874,1716275799,15158,8-303,0.501187,2,0
8-303,395492875,1716275800,15158,8-303,7.07946,1,0
8-303,395492876,1716275800,15158,8-302,8.91251,1,0
8-303,395492880,1716275803,15164,8-320,100.0,1,0
8-303,395492881,1716275803,15164,8-303,14.1254,0,0
8-303,395492882,1716275803,15164,8-303,3.98107,2,0
8-303,395492883,1716275803,15164,8-302,31.6228,0,0
8-303,395492884,1716275804,15164,8-303,1.99526,1,0
8-303,395492887,1716275805,15159,8-303,31.6228,0,0
8-303,395492888,1716275806,15159,8-302,50.1187,0,0
8-303,395492889,1716275806,15159,8-303,3.54813,2,0
8-303,395492977,1716275843,15164,8-303,11.2202,0,0
8-303,395492980,1716275844,15164,8-303,2.81838,1,0
8-303,395492982,1716275844,15164,8-303,11.2202,2,0
8-303,395492985,1716275845,15159,8-320,12.5893,1,0
8-303,395492986,1716275846,15155,8-303,2.81838,1,0
8-303,395492987,1716275846,15159,8-303,11.2202,1,0
8-303,395492988,1716275846,15155,8-302,31.6228,1,0
8-303,395492989,1716275846,15155,8-303,8.91251,2,0
8-303,395492991,1716275846,15159,8-303,3.54813,2,0
8-303,395492992,1716275846,15159,8-302,35.4813,1,0
8-303,395492993,1716275847,15159,8-302,100.0,0,0
8-303,395492994,1716275847,15155,8-303,50.1187,0,0
8-303,395492996,1716275848,15158,8-320,25.1189,1,0
8-303,395492998,1716275848,15158,8-303,6.30957,1,0
8-303,395493001,1716275849,15158,8-303,0.446684,2,0
8-303,395493005,1716275851,15164,8-302,31.6228,1,0
8-303,395493007,1716275851,15164,8-302,79.4328,0,0
8-303,395493008,1716275851,15164,8-303,3.98107,2,0
8-303,395493010,1716275852,15164,8-320,56.2341,1,0
8-303,395493012,1716275852,15164,8-303,2.81838,1,0
8-303,395493019,1716275855,15155,8-303,4.46684,1,0
8-303,395493020,1716275855,15159,8-303,10.0,1,0
8-303,395493021,1716275855,15159,8-302,79.4328,0,0
8-303,395493022,1716275855,15159,8-302,17.7828,1,0
8-303,395493024,1716275855,15159,8-303,4.46684,2,0
8-303,395493025,1716275855,15158,8-303,1.25892,2,0
8-303,395493027,1716275855,15158,8-303,19.9526,0,0
8-303,395493036,1716275859,15164,8-303,2.23872,1,0
8-303,395493038,1716275859,15164,8-303,4.46684,2,0
8-303,395493040,1716275860,15164,8-303,11.2202,0,0
8-303,395493044,1716275862,15159,8-303,3.54813,2,0
8-303,395493045,1716275862,15159,8-303,25.1189,0,0
8-303,395493046,1716275862,15159,8-320,31.6228,1,0
8-303,395493048,1716275863,15155,8-302,125.893,0,0
8-303,395493050,1716275863,15159,8-302,63.0957,0,0
8-303,395493051,1716275863,15158,8-302,39.8107,0,0
8-303,395493052,1716275863,15155,8-303,5.01187,1,0
8-303,395493053,1716275863,15155,8-302,39.8107,1,0
8-303,395493054,1716275863,15159,8-303,11.2202,1,0
8-303,395493055,1716275863,15158,8-302,7.07946,1,0
8-303,395493057,1716275864,15158,8-303,1.25892,2,0
8-303,395493063,1716275867,15164,8-302,44.6684,0,0
8-303,395493066,1716275868,15164,8-303,10.0,2,0
8-303,395493070,1716275870,15159,8-302,19.9526,1,0
8-303,395493072,1716275870,15159,8-303,44.6684,0,0
8-303,395493074,1716275870,15159,8-303,3.54813,2,0
8-303,395493076,1716275871,15158,8-320,56.2341,1,0
8-303,395493078,1716275872,15158,8-302,7.94328,1,0
8-303,395493080,1716275872,15158,8-303,10.0,1,0
8-303,395493082,1716275873,15158,8-303,0.446684,2,0
8-303,395493087,1716275876,15164,8-303,2.51189,1,0
8-303,395493090,1716275877,15159,8-320,28.1838,1,0
8-303,395493091,1716275878,15159,8-302,100.0,0,0
8-303,395493093,1716275878,15155,8-303,5.62341,1,0
8-303,395493094,1716275878,15159,8-303,10.0,1,0
8-303,395493096,1716275879,15155,8-303,22.3872,2,0
8-303,395493099,1716275880,15155,8-302,50.1187,0,0
8-303,395493100,1716275880,15158,8-302,28.1838,0,0
8-303,395493101,1716275880,15158,8-303,19.9526,0,0
8-303,395493109,1716275885,15164,8-303,1.99526,1,0
8-303,395493111,1716275885,15159,8-303,4.46684,2,0
8-303,395493114,1716275886,15159,8-320,12.5893,1,0
8-303,395493115,1716275886,15159,8-302,100.0,0,0
8-303,395493116,1716275887,15155,8-303,12.5893,0,0
8-303,395493117,1716275887,15159,8-303,25.1189,0,0
8-303,395493118,1716275887,15155,8-303,8.91251,2,0
8-303,395493120,1716275888,15158,8-320,31.6228,1,0
8-303,395493128,1716275892,15164,8-302,44.6684,0,0
8-303,395493133,1716275894,15159,8-303,3.16228,2,0
8-303,395493134,1716275895,15159,8-302,35.4813,1,0
8-303,395493135,1716275895,15159,8-303,10.0,1,0
8-303,395493136,1716275895,15155,8-303,12.5893,0,0
8-303,395493137,1716275895,15159,8-303,28.1838,0,0
8-303,395493140,1716275896,15158,8-303,0.446684,2,0
8-303,395493142,1716275896,15158,8-302,50.1187,0,0
8-303,395493143,1716275897,15158,8-302,7.94328,1,0
8-303,395493146,1716275899,15164,8-302,14.1254,1,0
8-303,395493147,1716275899,15164,8-303,3.54813,1,0
8-303,395493148,1716275899,15164,8-303,11.2202,0,0
8-303,395493151,1716275900,15164,8-303,14.1254,2,0
8-303,395493157,1716275903,15159,8-302,112.202,0,0
8-303,395493158,1716275903,15155,8-303,10.0,2,0
8-303,395493160,1716275903,15159,8-320,11.2202,1,0
8-303,395493161,1716275903,15158,8-303,7.07946,1,0
8-303,395493162,1716275903,15155,8-303,12.5893,0,0
8-303,395493168,1716275907,15164,8-303,7.07946,2,0
8-303,395493170,1716275908,15164,8-303,3.54813,1,0
8-303,395493171,1716275908,15164,8-303,11.2202,0,0
8-303,395493175,1716275910,15159,8-303,7.07946,1,0
8-303,395493178,1716275911,15155,8-303,8.91251,2,0
8-303,395493180,1716275911,15159,8-303,6.30957,2,0
8-303,395493181,1716275912,15158,8-303,19.9526,0,0
8-303,395493187,1716275915,15164,8-303,3.16228,2,0
8-303,395493188,1716275915,15164,8-302,8.91251,1,0
8-303,395493195,1716275918,15159,8-303,6.30957,2,0
8-303,395493198,1716275918,15155,8-303,3.98107,1,0
8-303,395493199,1716275918,15155,8-303,12.5893,0,0
8-303,395493200,1716275918,15159,8-303,31.6228,0,0
8-303,395493203,1716275920,15155,8-302,100.0,1,0
8-303,395493204,1716275920,15158,8-320,35.4813,1,0
8-303,395493205,1716275920,15158,8-302,7.94328,1,0
8-303,395493208,1716275920,15158,8-303,7.07946,1,0
8-303,395493210,1716275921,15158,8-303,6.30957,0,0
8-303,395493214,1716275923,15164,8-303,22.3872,0,0
8-303,395493220,1716275926,15159,8-302,17.7828,1,0
8-303,395493221,1716275926,15155,8-320,44.6684,1,0
8-303,395493222,1716275926,15159,8-320,63.0957,1,0
8-303,395493224,1716275926,15155,8-303,5.62341,2,0
8-303,395493225,1716275926,15159,8-303,6.30957,2,0
8-303,395493226,1716275927,15155,8-303,4.46684,1,0
8-303,395493228,1716275927,15155,8-303,22.3872,0,0
8-303,395493229,1716275927,15159,8-303,125.893,0,0
8-303,395493307,1716275963,15164,8-303,5.62341,0,0
8-303,395493310,1716275964,15164,8-303,3.98107,2,0
8-303,395493312,1716275964,15164,8-303,5.01187,1,0
8-303,395493313,1716275964,15164,8-302,12.5893,1,0
8-303,395493316,1716275966,15159,8-303,17.7828,2,0
8-303,395493321,1716275967,15155,8-320,14.1254,1,0
8-303,395493322,1716275967,15159,8-303,22.3872,0,0
8-303,395493323,1716275968,15158,8-303,1.99526,2,0
8-303,395493325,1716275969,15158,8-303,10.0,1,0
8-303,395493328,1716275971,15164,8-302,11.2202,1,0
8-303,395493330,1716275971,15164,8-303,5.01187,1,0
8-303,395493336,1716275975,15155,8-303,3.16228,2,0
8-303,395493337,1716275975,15155,8-302,35.4813,1,0
8-303,395493338,1716275975,15158,8-303,6.30957,1,0
8-303,395493339,1716275975,15158,8-302,14.1254,1,0
8-303,395493341,1716275975,15158,8-320,39.8107,1,0
8-303,395493342,1716275975,15155,8-303,12.5893,0,0
8-303,395493343,1716275975,15158,8-303,17.7828,0,0
8-303,395493345,1716275977,15158,8-303,1.25892,2,0
8-303,395493358,1716275982,15159,8-303,19.9526,0,0
8-303,395493359,1716275983,15155,8-303,3.54813,2,0
8-303,395493360,1716275983,15155,8-302,15.8489,1,0
8-303,395493361,1716275984,15158,8-320,63.0957,1,0
8-303,395493365,1716275987,15164,8-302,70.7946,0,0
8-303,395493368,1716275987,15164,8-303,5.62341,1,0
8-303,395493369,1716275987,15164,8-303,2.51189,2,0
8-303,395493376,1716275990,15159,8-303,4.46684,2,0
8-303,395493377,1716275990,15159,8-303,17.7828,1,0
8-303,395493379,1716275990,15155,8-303,8.91251,0,0
8-303,395493380,1716275990,15159,8-320,56.2341,1,0
8-303,395493381,1716275990,15159,8-303,22.3872,0,0
8-303,395493384,1716275992,15155,8-302,25.1189,1,0
8-303,395493387,1716275992,15158,8-303,1.25892,2,0
8-303,395493388,1716275992,15158,8-303,8.91251,1,0
8-303,395493391,1716275992,15158,8-303,25.1189,0,0
8-303,395493396,1716275996,15164,8-302,8.91251,1,0
8-303,395493399,1716275996,15164,8-303,5.62341,1,0
8-303,395493402,1716275996,15164,8-320,35.4813,1,0
8-303,395493404,1716275998,15159,8-302,56.2341,1,0
8-303,395493406,1716275998,15155,8-303,3.54813,2,0
8-303,395493408,1716275998,15159,8-303,4.46684,2,0
8-303,395493409,1716275998,15159,8-303,14.1254,1,0
8-303,395493410,1716275998,15155,8-303,28.1838,0,0
8-303,395493412,1716275998,15155,8-320,39.8107,1,0
8-303,395493413,1716275999,15159,8-303,22.3872,0,0
8-303,395493415,1716276000,15158,8-302,11.2202,1,0
8-303,395493416,1716276000,15158,8-303,3.16228,1,0
8-303,395493419,1716276001,15158,8-320,50.1187,1,0
8-303,395493420,1716276001,15158,8-303,10.0,0,0
8-303,395493425,1716276003,15164,8-303,5.62341,0,0
8-303,395493427,1716276003,15164,8-320,39.8107,1,0
8-303,395493428,1716276003,15164,8-302,125.893,0,0
8-303,395493437,1716276007,15155,8-303,6.30957,2,0
8-303,395493438,1716276007,15159,8-303,11.2202,2,0
8-303,395493441,1716276007,15155,8-303,12.5893,0,0
8-303,395493442,1716276007,15158,8-303,22.3872,0,0
8-303,395493445,1716276009,15158,8-302,63.0957,1,0
8-303,395493451,1716276011,15164,8-302,15.8489,1,0
8-303,395493452,1716276011,15164,8-303,5.01187,1,0
8-303,395493453,1716276011,15164,8-303,2.81838,2,0
8-303,395493455,1716276011,15164,8-320,44.6684,1,0
8-303,395493457,1716276011,15164,8-303,39.8107,0,0
8-303,395493460,1716276013,15159,8-303,22.3872,0,0
8-303,395493462,1716276015,15155,8-303,2.51189,1,0
8-303,395493464,1716276015,15158,8-303,1.25892,2,0
8-303,395493466,1716276015,15158,8-320,50.1187,1,0
8-303,395493467,1716276016,15158,8-303,22.3872,0,0
8-303,395493469,1716276016,15155,8-320,158.489,0,0
8-303,395493472,1716276020,15164,8-303,2.81838,2,0
8-303,395493473,1716276020,15164,8-303,6.30957,0,0
8-303,395493476,1716276021,15159,8-303,15.8489,1,0
8-303,395493479,1716276022,15159,8-303,11.2202,2,0
8-303,395493481,1716276022,15159,8-303,19.9526,0,0
8-303,395493483,1716276023,15158,8-302,12.5893,1,0
8-303,395493485,1716276023,15155,8-303,2.51189,1,0
8-303,395493486,1716276024,15158,8-303,3.16228,1,0
8-303,395493491,1716276024,15158,8-303,11.2202,0,0
8-303,395493495,1716276027,15164,8-302,15.8489,1,0
8-303,395493498,1716276028,15164,8-302,39.8107,0,0
8-303,395493503,1716276030,15159,8-303,14.1254,1,0
8-303,395493507,1716276030,15155,8-303,12.5893,0,0
8-303,395493508,1716276030,15155,8-303,7.94328,2,0
8-303,395493510,1716276032,15158,8-303,8.91251,1,0
8-303,395493511,1716276032,15158,8-302,79.4328,0,0
8-303,395493513,1716276032,15158,8-320,70.7946,1,0
8-303,395493522,1716276036,15164,8-320,44.6684,1,0
8-303,395493524,1716276036,15164,8-303,5.01187,1,0
8-303,395493528,1716276039,15155,8-303,7.94328,1,0
8-303,395493529,1716276039,15155,8-320,50.1187,1,0
8-303,395493530,1716276039,15159,8-303,17.7828,1,0
8-303,395493532,1716276039,15155,8-303,12.5893,0,0
8-303,395493533,1716276039,15155,8-303,2.81838,2,0
8-303,395493534,1716276039,15159,8-303,5.01187,2,0
8-303,395493537,1716276041,15158,8-320,35.4813,1,0
8-303,395493539,1716276041,15158,8-303,3.16228,1,0
8-303,395493545,1716276043,15164,8-303,6.30957,1,0
8-303,395493546,1716276043,15164,8-303,44.6684,0,0
8-303,395493548,1716276044,15164,8-302,70.7946,0,0
8-303,395493554,1716276045,15159,8-303,10.0,2,0
8-303,395493557,1716276047,15155,8-320,79.4328,0,0
8-303,395493559,1716276047,15155,8-320,39.8107,1,0
8-303,395493560,1716276047,15158,8-320,100.0,1,0
8-303,395493666,1716276083,15164,8-320,35.4813,1,0
8-303,395493668,1716276083,15164,8-303,7.07946,1,0
8-303,395493670,1716276083,15164,8-303,44.6684,0,0
8-303,395493671,1716276084,15164,8-302,70.7946,0,0
8-303,395493673,1716276085,15159,8-303,15.8489,1,0
8-303,395493674,1716276085,15159,8-303,19.9526,0,0
8-303,395493676,1716276086,15155,8-303,3.16228,2,0
8-303,395493677,1716276086,15159,8-303,12.5893,2,0
8-303,395493679,1716276087,15155,8-320,15.8489,1,0
8-303,395493680,1716276087,15159,8-320,50.1187,1,0
8-303,395493681,1716276087,15155,8-303,3.16228,1,0
8-303,395493682,1716276087,15158,8-303,11.2202,1,0
8-303,395493683,1716276088,15155,8-303,8.91251,0,0
8-303,395493684,1716276088,15158,8-303,28.1838,0,0
8-303,395493685,1716276088,15155,8-302,14.1254,1,0
8-303,395493688,1716276088,15158,8-303,1.99526,2,0
8-303,395493690,1716276092,15164,8-303,5.01187,1,0
8-303,395493691,1716276092,15164,8-303,56.2341,0,0
8-303,395493694,1716276092,15164,8-303,3.98107,2,0
8-303,395493696,1716276094,15159,8-303,15.8489,1,0
8-303,395493697,1716276094,15159,8-303,19.9526,0,0
8-303,395493700,1716276095,15155,8-303,2.81838,2,0
8-303,395493701,1716276095,15159,8-303,4.46684,2,0
8-303,395493703,1716276096,15158,8-320,56.2341,1,0
8-303,395493705,1716276096,15155,8-303,2.51189,1,0
8-303,395493707,1716276096,15158,8-303,8.91251,0,0
8-303,395493708,1716276096,15158,8-302,79.4328,0,0
8-303,395493719,1716276102,15155,8-303,2.51189,1,0
8-303,395493722,1716276102,15155,8-303,10.0,0,0
8-303,395493723,1716276102,15159,8-303,17.7828,0,0
8-303,395493724,1716276102,15155,8-302,12.5893,1,0
8-303,395493726,1716276103,15155,8-303,8.91251,2,0
8-303,395493727,1716276103,15158,8-303,0.891251,2,0
8-303,395493729,1716276104,15158,8-303,7.94328,0,0
8-303,395493733,1716276107,15164,8-302,12.5893,1,0
8-303,395493735,1716276108,15164,8-303,2.81838,2,0
8-303,395493738,1716276108,15164,8-320,50.1187,1,0
8-303,395493742,1716276110,15159,8-303,15.8489,2,0
8-303,395493744,1716276110,15155,8-320,89.1251,0,0
8-303,395493747,1716276111,15155,8-303,2.51189,1,0
8-303,395493749,1716276111,15159,8-303,17.7828,0,0
8-303,395493750,1716276111,15159,8-302,50.1187,1,0
8-303,395493759,1716276115,15164,8-303,56.2341,0,0
8-303,395493760,1716276115,15164,8-303,5.62341,1,0
8-303,395493761,1716276115,15164,8-302,8.91251,1,0
8-303,395493762,1716276116,15164,8-303,2.81838,2,0
8-303,395493766,1716276119,15159,8-303,11.2202,2,0
8-303,395493767,1716276119,15155,8-320,79.4328,0,0
8-303,395493768,1716276119,15155,8-320,14.1254,1,0
8-303,395493769,1716276119,15155,8-303,7.94328,1,0
8-303,395493770,1716276119,15158,8-303,6.30957,1,0
8-303,395493771,1716276119,15155,8-303,14.1254,0,0
8-303,395493772,1716276119,15158,8-303,19.9526,0,0
8-303,395493773,1716276119,15155,8-302,19.9526,1,0
8-303,395493774,1716276121,15158,8-303,3.98107,2,0
8-303,395493776,1716276123,15164,8-302,50.1187,0,0
8-303,395493778,1716276123,15164,8-303,3.98107,2,0
8-303,395493785,1716276125,15159,8-303,15.8489,1,0
8-303,395493786,1716276125,15159,8-302,31.6228,1,0
8-303,395493790,1716276127,15155,8-303,3.98107,2,0
8-303,395493791,1716276127,15155,8-320,39.8107,1,0
8-303,395493792,1716276127,15159,8-303,4.46684,2,0
8-303,395493793,1716276127,15159,8-320,56.2341,1,0
8-303,395493794,1716276127,15155,8-303,8.91251,0,0
8-303,395493795,1716276127,15158,8-303,7.94328,0,0
8-303,395493797,1716276128,15155,8-303,2.51189,1,0
8-303,395493798,1716276128,15158,8-303,3.16228,1,0
8-303,395493803,1716276131,15164,8-302,39.8107,0,0
8-303,395493806,1716276132,15164,8-303,3.98107,2,0
8-303,395493807,1716276132,15164,8-303,50.1187,0,0
8-303,395493809,1716276132,15164,8-303,3.98107,1,0
8-303,395493813,1716276134,15159,8-302,44.6684,1,0
8-303,395493814,1716276134,15159,8-303,19.9526,0,0
8-303,395493815,1716276134,15159,8-303,4.46684,2,0
8-303,395493820,1716276136,15155,8-303,28.1838,0,0
8-303,395493828,1716276140,15164,8-303,44.6684,0,0
8-303,395493830,1716276140,15164,8-303,5.62341,1,0
8-303,395493834,1716276142,15155,8-320,15.8489,1,0
8-303,395493837,1716276142,15155,8-303,12.5893,0,0
8-303,395493838,1716276142,15159,8-303,19.9526,0,0
8-303,395493839,1716276142,15155,8-303,3.16228,1,0
8-303,395493840,1716276143,15159,8-303,14.1254,1,0
8-303,395493841,1716276143,15155,8-303,2.81838,2,0
8-303,395493842,1716276143,15159,8-303,5.01187,2,0
8-303,395493848,1716276147,15164,8-303,44.6684,0,0
8-303,395493849,1716276147,15164,8-303,2.51189,2,0
8-303,395493851,1716276148,15164,8-302,56.2341,0,0
8-303,395493855,1716276150,15159,8-302,44.6684,1,0
8-303,395493857,1716276151,15159,8-303,17.7828,0,0
8-303,395493858,1716276151,15159,8-303,4.46684,2,0
8-303,395493860,1716276151,15158,8-303,1.99526,2,0
8-303,395493864,1716276153,15158,8-303,19.9526,0,0
8-303,395493870,1716276157,15159,8-303,14.1254,2,0
8-303,395493872,1716276159,15155,8-302,44.6684,1,0
8-303,395493873,1716276159,15155,8-303,28.1838,0,0
8-303,395493874,1716276159,15158,8-303,8.91251,0,0
8-303,395493875,1716276159,15155,8-303,3.16228,1,0
8-303,395493876,1716276159,15155,8-303,3.98107,2,0
8-303,395493877,1716276159,15158,8-303,1.25892,2,0
8-303,395493882,1716276163,15164,8-320,31.6228,1,0
8-303,395493883,1716276163,15164,8-302,17.7828,1,0
8-303,395493885,1716276163,15164,8-303,5.62341,0,0
8-303,395493887,1716276164,15164,8-303,5.01187,1,0
8-303,395493889,1716276164,15164,8-303,3.54813,2,0
8-303,395493891,1716276164,15164,8-302,50.1187,0,0
8-303,395493893,1716276165,15159,8-302,63.0957,1,0
8-303,395493894,1716276165,15159,8-303,19.9526,0,0
8-303,395493895,1716276166,15159,8-303,17.7828,1,0
8-303,395493896,1716276166,15159,8-303,4.46684,2,0
8-303,395493998,1716276203,15164,8-303,6.30957,0,0
8-303,395493999,1716276204,15164,8-303,4.46684,1,0
8-303,395494001,1716276204,15164,8-303,3.98107,2,0
8-303,395494005,1716276206,15159,8-303,15.8489,1,0
8-303,395494007,1716276206,15155,8-303,3.54813,2,0
8-303,395494008,1716276207,15155,8-302,17.7828,1,0
8-303,395494011,1716276207,15155,8-302,70.7946,0,0
8-303,395494013,1716276208,15155,8-303,10.0,0,0
8-303,395494014,1716276208,15158,8-303,25.1189,0,0
8-303,395494016,1716276208,15155,8-303,2.51189,1,0
8-303,395494028,1716276214,15159,8-303,22.3872,0,0
8-303,395494031,1716276215,15159,8-303,15.8489,2,0
8-303,395494033,1716276216,15155,8-320,100.0,0,0
8-303,395494035,1716276216,15158,8-303,19.9526,0,0
8-303,395494036,1716276216,15158,8-303,6.30957,1,0
8-303,395494043,1716276220,15164,8-320,28.1838,1,0
8-303,395494051,1716276223,15158,8-303,1.99526,2,0
8-303,395494052,1716276224,15158,8-302,56.2341,1,0
8-303,395494055,1716276224,15158,8-320,63.0957,1,0
8-303,395494057,1716276224,15158,8-303,25.1189,0,0
8-303,395494059,1716276225,15158,8-303,10.0,1,0
8-303,395494065,1716276227,15164,8-303,4.46684,1,0
8-303,395494069,1716276231,15155,8-303,1.99526,0,0
8-303,395494071,1716276231,15158,8-303,5.62341,1,0
8-303,395494073,1716276232,15164,8-320,31.6228,1,0
8-303,395494075,1716276232,15155,8-303,14.1254,2,0
8-303,395494077,1716276232,15158,8-303,5.01187,2,0
8-303,395494078,1716276232,15155,8-302,56.2341,1,0
8-303,395494079,1716276232,15158,8-302,15.8489,1,0
8-303,395494085,1716276236,15164,8-303,3.16228,1,0
8-303,395494090,1716276238,15159,8-303,11.2202,1,0
8-303,395494095,1716276238,15159,8-303,5.01187,2,0
8-303,395494096,1716276238,15155,8-302,22.3872,1,0
8-303,395494097,1716276239,15155,8-303,10.0,0,0
8-303,395494098,1716276239,15158,8-303,8.91251,0,0
8-303,395494100,1716276240,15155,8-303,11.2202,1,0
8-303,395494103,1716276241,15158,8-303,1.99526,2,0
8-303,395494107,1716276244,15164,8-303,44.6684,0,0
8-303,395494109,1716276244,15164,8-303,5.01187,1,0
8-303,395494111,1716276245,15164,8-320,70.7946,0,0
8-303,395494113,1716276245,15164,8-320,31.6228,1,0
8-303,395494116,1716276246,15159,8-303,19.9526,0,0
8-303,395494118,1716276247,15155,8-302,19.9526,1,0
8-303,395494119,1716276247,15159,8-302,35.4813,1,0
8-303,395494121,1716276247,15155,8-303,7.94328,2,0
8-303,395494122,1716276247,15159,8-303,7.07946,2,0
8-303,395494123,1716276248,15158,8-303,8.91251,0,0
8-303,395494128,1716276251,15164,8-303,3.16228,2,0
8-303,395494129,1716276252,15164,8-303,10.0,0,0
8-303,395494134,1716276254,15155,8-303,8.91251,0,0
8-303,395494135,1716276254,15159,8-303,22.3872,0,0
8-303,395494137,1716276255,15159,8-303,8.91251,1,0
8-303,395494138,1716276255,15155,8-302,100.0,0,0
8-303,395494141,1716276255,15155,8-303,8.91251,2,0
8-303,395494142,1716276255,15158,8-303,3.54813,2,0
8-303,395494143,1716276256,15158,8-303,44.6684,0,0
8-303,395494145,1716276257,15158,8-303,3.98107,1,0
8-303,395494150,1716276259,15164,8-303,0.891251,1,0
8-303,395494152,1716276259,15164,8-320,70.7946,0,0
8-303,395494154,1716276259,15164,8-320,56.2341,1,0
8-303,395494156,1716276260,15164,8-303,10.0,2,0
8-303,395494160,1716276263,15155,8-303,7.07946,0,0
8-303,395494165,1716276264,15158,8-303,7.07946,2,0
8-303,395494177,1716276270,15155,8-303,7.07946,2,0
8-303,395494178,1716276271,15158,8-302,44.6684,0,0
8-303,395494179,1716276271,15155,8-303,7.94328,0,0
8-303,395494180,1716276271,15158,8-303,14.1254,0,0
8-303,395494182,1716276271,15155,8-302,50.1187,1,0
8-303,395494183,1716276271,15158,8-302,31.6228,1,0
8-303,395494185,1716276273,15158,8-303,1.58489,2,0
8-303,395494189,1716276275,15164,8-302,63.0957,0,0
8-303,395494190,1716276275,15164,8-303,44.6684,0,0
8-303,395494192,1716276276,15164,8-303,0.891251,1,0
8-303,395494193,1716276276,15164,8-302,19.9526,1,0
8-303,395494195,1716276277,15159,8-303,7.07946,0,0
8-303,395494199,1716276279,15155,8-303,6.30957,2,0
8-303,395494200,1716276279,15159,8-303,6.30957,2,0
8-303,395494201,1716276280,15155,8-303,8.91251,0,0
8-303,395494203,1716276280,15155,8-303,5.62341,1,0
8-303,395494204,1716276280,15155,8-302,25.1189,1,0
8-303,395494212,1716276284,15164,8-302,44.6684,0,0
8-303,395494215,1716276286,15159,8-303,15.8489,2,0
8-303,395494217,1716276286,15159,8-303,7.07946,0,0
8-303,395494219,1716276286,15159,8-303,17.7828,1,0
8-303,395494343,1716276323,15164,8-302,70.7946,0,0
8-303,395494345,1716276324,15164,8-303,12.5893,0,0
8-303,395494348,1716276326,15155,8-303,12.5893,0,0
8-303,395494349,1716276326,15159,8-303,11.2202,0,0
8-303,395494351,1716276327,15155,8-320,89.1251,1,0
8-303,395494354,1716276327,15155,8-303,8.91251,2,0
8-303,395494355,1716276327,15155,8-303,15.8489,1,0
8-303,395494356,1716276327,15159,8-303,15.8489,2,0
8-303,395494358,1716276327,15158,8-302,44.6684,0,0
8-303,395494359,1716276328,15155,8-302,28.1838,1,0
8-303,395494360,1716276328,15158,8-303,15.8489,0,0
8-303,395494362,1716276329,15158,8-320,63.0957,1,0
8-303,395494368,1716276331,15164,8-303,2.51189,1,0
8-303,395494369,1716276332,15164,8-302,44.6684,1,0
8-303,395494371,1716276333,15164,8-303,7.94328,0,0
8-303,395494377,1716276335,15155,8-303,11.2202,0,0
8-303,395494378,1716276335,15159,8-303,10.0,0,0
8-303,395494380,1716276335,15159,8-320,100.0,1,0
8-303,395494382,1716276335,15158,8-302,39.8107,0,0
8-303,395494384,1716276335,15158,8-303,3.98107,2,0
8-303,395494386,1716276336,15155,8-303,15.8489,1,0
8-303,395494389,1716276337,15158,8-303,2.81838,0,0
8-303,395494395,1716276339,15164,8-320,56.2341,1,0
8-303,395494397,1716276340,15164,8-302,79.4328,0,0
8-303,395494399,1716276340,15164,8-303,7.94328,2,0
8-303,395494401,1716276340,15164,8-303,0.891251,1,0
8-303,395494402,1716276341,15164,8-302,19.9526,1,0
8-303,395494406,1716276343,15159,8-303,11.2202,0,0
8-303,395494407,1716276343,15158,8-303,2.81838,0,0
8-303,395494412,1716276345,15158,8-302,31.6228,1,0
8-303,395494416,1716276348,15164,8-303,39.8107,0,0
8-303,395494419,1716276348,15164,8-320,39.8107,1,0
8-303,395494422,1716276348,15164,8-303,7.94328,2,0
8-303,395494423,1716276348,15164,8-303,0.794328,1,0
8-303,395494424,1716276350,15159,8-303,6.30957,0,0
8-303,395494427,1716276350,15155,8-303,7.07946,2,0
8-303,395494428,1716276351,15155,8-302,19.9526,1,0
8-303,395494430,1716276352,15155,8-303,7.94328,0,0
8-303,395494431,1716276352,15158,8-303,15.8489,0,0
8-303,395494433,1716276352,15155,8-302,125.893,0,0
8-303,395494434,1716276352,15158,8-320,63.0957,1,0
8-303,395494435,1716276352,15158,8-302,56.2341,0,0
8-303,395494436,1716276353,15158,8-303,2.81838,1,0
8-303,395494439,1716276355,15164,8-303,3.16228,2,0
8-303,395494440,1716276355,15164,8-302,39.8107,1,0
8-303,395494442,1716276356,15164,8-303,10.0,0,0
8-303,395494449,1716276359,15155,8-303,7.07946,0,0
8-303,395494450,1716276359,15159,8-303,11.2202,0,0
8-303,395494452,1716276359,15155,8-303,7.94328,2,0
8-303,395494453,1716276359,15159,8-303,6.30957,2,0
8-303,395494455,1716276360,15158,8-302,56.2341,0,0
8-303,395494471,1716276367,15155,8-303,8.91251,0,0
8-303,395494472,1716276367,15155,8-303,15.8489,1,0
8-303,395494474,1716276368,15155,8-303,6.30957,2,0
8-303,395494480,1716276371,15164,8-320,25.1189,1,0
8-303,395494481,1716276371,15164,8-303,8.91251,0,0
8-303,395494482,1716276372,15164,8-302,28.1838,1,0
8-303,395494484,1716276372,15164,8-303,2.81838,2,0
8-303,395494489,1716276374,15155,8-303,6.30957,2,0
8-303,395494492,1716276375,15155,8-320,31.6228,1,0
8-303,395494493,1716276375,15158,8-320,39.8107,1,0
8-303,395494494,1716276376,15155,8-303,8.91251,0,0
8-303,395494495,1716276376,15158,8-303,14.1254,0,0
8-303,395494497,1716276376,15155,8-303,15.8489,1,0
8-303,395494498,1716276376,15158,8-303,2.81838,1,0
8-303,395494499,1716276376,15155,8-302,31.6228,1,0
8-303,395494502,1716276377,15158,8-302,39.8107,0,0
8-303,395494505,1716276379,15164,8-302,79.4328,0,0
8-303,395494507,1716276380,15164,8-320,28.1838,1,0
8-303,395494508,1716276380,15164,8-303,10.0,0,0
8-303,395494509,1716276380,15164,8-303,1.99526,1,0
8-303,395494510,1716276380,15164,8-302,35.4813,1,0
8-303,395494512,1716276381,15164,8-303,3.16228,2,0
8-303,395494515,1716276382,15159,8-303,11.2202,0,0
8-303,395494517,1716276382,15159,8-303,56.2341,1,0
8-303,395494518,1716276383,15155,8-303,6.30957,2,0
8-303,395494520,1716276383,15158,8-302,39.8107,0,0
8-303,395494521,1716276384,15155,8-303,11.2202,0,0
8-303,395494527,1716276387,15164,8-303,2.81838,2,0
8-303,395494528,1716276388,15164,8-320,35.4813,1,0
8-303,395494529,1716276389,15164,8-302,39.8107,1,0
8-303,395494532,1716276390,15159,8-303,10.0,0,0
8-303,395494533,1716276391,15159,8-303,7.94328,1,0
8-303,395494536,1716276391,15159,8-303,6.30957,2,0
8-303,395494537,1716276391,15158,8-303,1.58489,2,0
8-303,395494539,1716276392,15158,8-303,3.16228,0,0
8-303,395494541,1716276393,15158,8-303,2.81838,1,0
8-303,395494542,1716276393,15158,8-302,31.6228,1,0
8-303,395494550,1716276396,15164,8-320,31.6228,1,0
8-303,395494551,1716276396,15164,8-303,10.0,0,0
8-303,395494554,1716276398,15159,8-303,7.07946,2,0
8-303,395494557,1716276399,15159,8-320,100.0,1,0
8-303,395494558,1716276399,15155,8-303,10.0,0,0
8-303,395494559,1716276399,15159,8-303,10.0,0,0
8-303,395494561,1716276399,15159,8-303,12.5893,1,0
8-303,395494562,1716276399,15159,8-302,35.4813,1,0
8-303,395494564,1716276400,15158,8-302,50.1187,0,0
8-303,395494566,1716276400,15158,8-303,1.58489,2,0
8-303,395494568,1716276401,15158,8-303,14.1254,0,0
8-303,395494572,1716276403,15164,8-320,35.4813,1,0
8-303,395494573,1716276403,15164,8-303,2.51189,1,0
8-303,395494575,1716276404,15164,8-302,112.202,0,0
8-303,395494579,1716276405,15159,8-302,56.2341,1,0
8-303,395494581,1716276406,15159,8-303,7.94328,1,0
8-303,395494583,1716276406,15155,8-302,112.202,0,0
8-303,395494584,1716276406,15159,8-302,112.202,0,0
8-303,395494586,1716276406,15155,8-303,6.30957,2,0
8-303,395494587,1716276406,15159,8-303,6.30957,2,0
8-303,395494588,1716276407,15155,8-303,7.07946,0,0
8-303,395494589,1716276407,15159,8-303,7.07946,0,0
8-303,395494591,1716276407,15155,8-320,31.6228,1,0
8-303,395494697,1716276443,15164,8-320,100.0,0,0
8-303,395494698,1716276443,15164,8-303,3.16228,2,0
8-303,395494699,1716276443,15164,8-320,35.4813,1,0
8-303,395494700,1716276443,15164,8-303,35.4813,0,0
8-303,395494701,1716276443,15164,8-302,25.1189,1,0
8-303,395494702,1716276444,15164,8-303,0.891251,1,0
8-303,395494703,1716276444,15164,8-302,56.2341,0,0
8-303,395494706,1716276446,15159,8-303,7.94328,1,0
8-303,395494707,1716276447,15155,8-303,11.2202,0,0
8-303,395494709,1716276447,15155,8-302,19.9526,1,0
8-303,395494711,1716276447,15159,8-303,7.94328,0,0
8-303,395494712,1716276447,15155,8-303,6.30957,2,0
8-303,395494713,1716276447,15159,8-302,70.7946,1,0
8-303,395494714,1716276447,15159,8-303,6.30957,2,0
8-303,395494716,1716276448,15158,8-303,2.81838,1,0
8-303,395494717,1716276448,15158,8-302,70.7946,0,0
8-303,395494721,1716276451,15164,8-320,63.0957,0,0
8-303,395494723,1716276452,15164,8-320,28.1838,1,0
8-303,395494726,1716276452,15164,8-302,63.0957,0,0
8-303,395494727,1716276452,15164,8-303,0.794328,1,0
8-303,395494732,1716276454,15159,8-303,7.94328,0,0
8-303,395494734,1716276454,15159,8-303,6.30957,2,0
8-303,395494736,1716276454,15159,8-303,7.07946,1,0
8-303,395494739,1716276456,15158,8-303,14.1254,0,0
8-303,395494740,1716276456,15158,8-302,44.6684,1,0
8-303,395494742,1716276456,15155,8-303,7.07946,2,0
8-303,395494743,1716276456,15158,8-303,1.58489,2,0
8-303,395494744,1716276456,15158,8-302,89.1251,0,0
8-303,395494754,1716276463,15155,8-302,112.202,0,0
8-303,395494756,1716276463,15155,8-303,4.46684,1,0
8-303,395494757,1716276463,15159,8-303,7.94328,1,0
8-303,395494762,1716276464,15155,8-302,35.4813,1,0
8-303,395494763,1716276464,15155,8-303,11.2202,0,0
8-303,395494770,1716276467,15164,8-303,7.94328,2,0
8-303,395494772,1716276467,15164,8-303,1.99526,1,0
8-303,395494775,1716276468,15164,8-303,31.6228,0,0
8-303,395494782,1716276471,15155,8-302,19.9526,1,0
8-303,395494783,1716276471,15155,8-303,7.94328,0,0
8-303,395494784,1716276471,15159,8-302,35.4813,1,0
8-303,395494785,1716276471,15159,8-303,7.07946,0,0
8-303,395494787,1716276471,15155,8-303,7.94328,2,0
8-303,395494788,1716276471,15159,8-303,7.07946,2,0
8-303,395494790,1716276472,15155,8-303,15.8489,1,0
8-303,395494793,1716276473,15158,8-320,50.1187,1,0
8-303,395494794,1716276473,15158,8-303,3.54813,0,0
8-303,395494799,1716276475,15164,8-302,79.4328,0,0
8-303,395494801,1716276476,15164,8-303,1.77828,1,0
8-303,395494805,1716276478,15159,8-303,17.7828,2,0
8-303,395494808,1716276479,15159,8-303,10.0,0,0
8-303,395494809,1716276479,15159,8-302,70.7946,0,0
8-303,395494818,1716276483,15164,8-320,56.2341,1,0
8-303,395494819,1716276483,15164,8-303,10.0,0,0
8-303,395494820,1716276483,15164,8-302,50.1187,0,0
8-303,395494821,1716276484,15164,8-303,7.94328,2,0
8-303,395494822,1716276487,15159,8-302,35.4813,1,0
8-303,395494823,1716276487,15155,8-303,7.94328,0,0
8-303,395494825,1716276489,15158,8-303,4.46684,1,0
8-303,395494831,1716276491,15164,8-303,2.81838,1,0
8-303,395494832,1716276491,15164,8-320,31.6228,1,0
8-303,395494833,1716276492,15164,8-303,39.8107,0,0
8-303,395494835,1716276493,15164,8-303,3.16228,2,0
8-303,395494838,1716276494,15159,8-320,89.1251,1,0
8-303,395494840,1716276494,15159,8-303,10.0,0,0
8-303,395494842,1716276495,15155,8-303,6.30957,2,0
8-303,395494843,1716276495,15159,8-303,7.07946,2,0
8-303,395494845,1716276495,15159,8-303,11.2202,1,0
8-303,395494846,1716276495,15159,8-302,28.1838,1,0
8-303,395494856,1716276499,15164,8-303,7.94328,2,0
8-303,395494858,1716276500,15164,8-303,0.891251,1,0
8-303,395494860,1716276500,15164,8-302,63.0957,1,0
8-303,395494861,1716276500,15164,8-302,56.2341,0,0
8-303,395494863,1716276500,15164,8-320,70.7946,1,0
8-303,395494865,1716276500,15164,8-303,35.4813,0,0
8-303,395494869,1716276502,15159,8-303,14.1254,1,0
8-303,395494872,1716276502,15155,8-303,7.07946,0,0
8-303,395494873,1716276502,15159,8-303,12.5893,0,0
8-303,395494876,1716276504,15155,8-303,7.94328,2,0
8-303,395494878,1716276504,15155,8-303,17.7828,1,0
8-303,395494879,1716276504,15155,8-302,19.9526,1,0
8-303,395494880,1716276504,15158,8-303,3.54813,1,0
8-303,395494882,1716276505,15158,8-303,3.54813,0,0
8-303,395494889,1716276507,15164,8-320,79.4328,0,0
8-303,395494891,1716276508,15164,8-303,7.07946,2,0
8-303,395494894,1716276509,15164,8-320,89.1251,1,0
8-303,395494897,1716276510,15159,8-303,14.1254,1,0
8-303,395494899,1716276511,15155,8-320,28.1838,1,0
8-303,395494900,1716276511,15155,8-303,11.2202,0,0
8-303,395494904,1716276512,15158,8-303,1.58489,2,0
8-303,395494905,1716276512,15158,8-302,56.2341,0,0
8-303,395494907,1716276512,15158,8-303,2.81838,1,0
8-303,395494909,1716276513,15158,8-320,39.8107,1,0
8-303,395494913,1716276515,15164,8-320,35.4813,1,0
8-303,395494917,1716276517,15164,8-303,3.16228,2,0
8-303,395494920,1716276519,15155,8-303,7.07946,2,0
8-303,395494922,1716276519,15155,8-303,17.7828,1,0
8-303,395494924,1716276519,15155,8-303,7.94328,0,0
8-303,395494925,1716276519,15159,8-303,11.2202,0,0
8-303,395494927,1716276520,15158,8-302,44.6684,1,0
8-303,395494928,1716276521,15158,8-302,63.0957,0,0
8-303,395494930,1716276521,15158,8-303,3.98107,2,0
8-303,395494931,1716276521,15158,8-303,3.16228,1,0
8-303,395494934,1716276523,15164,8-303,3.16228,2,0
8-303,395494937,1716276523,15164,8-303,2.51189,1,0
8-303,395494938,1716276523,15164,8-303,44.6684,0,0
8-303,395494939,1716276524,15164,8-320,112.202,0,0
8-303,395494940,1716276525,15164,8-302,44.6684,1,0
8-303,395494941,1716276525,15164,8-302,56.2341,0,0
8-303,395494944,1716276526,15159,8-303,7.94328,0,0
8-303,395494946,1716276526,15159,8-320,100.0,1,0
8-303,395494947,1716276527,15155,8-302,44.6684,1,0
8-303,395494948,1716276527,15159,8-302,56.2341,1,0
8-303,395495062,1716276566,15159,8-303,35.4813,0,0
8-303,395495063,1716276566,15159,8-302,44.6684,0,0
8-303,395495064,1716276567,15159,8-302,22.3872,1,0
8-303,395495066,1716276568,15155,8-303,31.6228,0,0
8-303,395495067,1716276568,15158,8-303,7.94328,0,0
8-303,395495070,1716276568,15155,8-303,11.2202,2,0
8-303,395495071,1716276568,15158,8-302,35.4813,0,0
8-303,395495072,1716276568,15158,8-303,1.77828,1,0
8-303,395495073,1716276568,15158,8-303,10.0,2,0
8-303,395495075,1716276569,15158,8-302,19.9526,1,0
8-303,395495082,1716276572,15164,8-303,5.01187,0,0
8-303,395495083,1716276572,15164,8-303,3.54813,1,0
8-303,395495085,1716276573,15164,8-303,14.1254,2,0
8-303,395495087,1716276574,15159,8-302,125.893,0,0
8-303,395495088,1716276575,15155,8-303,8.91251,0,0
8-303,395495089,1716276575,15159,8-303,25.1189,0,0
8-303,395495091,1716276575,15159,8-303,3.16228,1,0
8-303,395495093,1716276575,15159,8-303,19.9526,2,0
8-303,395495094,1716276575,15155,8-302,17.7828,1,0
8-303,395495095,1716276575,15159,8-302,22.3872,1,0
8-303,395495097,1716276577,15158,8-303,17.7828,0,0
8-303,395495099,1716276577,15158,8-320,39.8107,1,0
8-303,395495100,1716276577,15158,8-303,1.58489,1,0
8-303,395495104,1716276579,15164,8-303,7.07946,1,0
8-303,395495113,1716276583,15159,8-303,19.9526,0,0
8-303,395495117,1716276583,15159,8-303,7.07946,2,0
8-303,395495118,1716276583,15159,8-303,5.01187,1,0
8-303,395495119,1716276583,15158,8-303,1.25892,1,0
8-303,395495121,1716276585,15158,8-303,19.9526,0,0
8-303,395495127,1716276587,15164,8-320,39.8107,1,0
8-303,395495128,1716276587,15164,8-303,5.01187,0,0
8-303,395495129,1716276588,15164,8-303,14.1254,2,0
8-303,395495130,1716276588,15164,8-303,7.94328,1,0
8-303,395495135,1716276590,15159,8-303,3.54813,1,0
8-303,395495136,1716276591,15155,8-302,89.1251,0,0
8-303,395495137,1716276591,15155,8-303,7.07946,0,0
8-303,395495138,1716276591,15159,8-303,25.1189,0,0
8-303,395495139,1716276592,15158,8-303,7.94328,0,0
8-303,395495141,1716276592,15155,8-302,17.7828,1,0
8-303,395495143,1716276593,15158,8-302,31.6228,0,0
8-303,395495148,1716276595,15164,8-302,56.2341,0,0
8-303,395495149,1716276596,15164,8-303,6.30957,0,0
8-303,395495153,1716276596,15164,8-303,5.62341,2,0
8-303,395495155,1716276596,15164,8-302,15.8489,1,0
8-303,395495156,1716276598,15159,8-303,7.94328,0,0
8-303,395495157,1716276598,15159,8-303,10.0,1,0
8-303,395495159,1716276598,15159,8-302,25.1189,1,0
8-303,395495160,1716276599,15155,8-302,63.0957,0,0
8-303,395495163,1716276600,15158,8-303,7.94328,2,0
8-303,395495168,1716276604,15164,8-303,7.94328,0,0
8-303,395495171,1716276604,15164,8-320,39.8107,1,0
8-303,395495172,1716276604,15164,8-302,17.7828,1,0
8-303,395495173,1716276605,15164,8-303,10.0,2,0
8-303,395495175,1716276605,15164,8-303,3.98107,1,0
8-303,395495176,1716276606,15159,8-302,63.0957,0,0
8-303,395495181,1716276607,15159,8-303,3.16228,1,0
8-303,395495183,1716276608,15155,8-303,12.5893,0,0
8-303,395495187,1716276611,15164,8-303,5.01187,2,0
8-303,395495188,1716276611,15164,8-303,4.46684,1,0
8-303,395495190,1716276612,15164,8-303,5.01187,0,0
8-303,395495192,1716276613,15164,8-320,100.0,1,0
8-303,395495193,1716276613,15164,8-302,15.8489,1,0
8-303,395495195,1716276614,15159,8-302,89.1251,0,0
8-303,395495197,1716276615,15155,8-303,11.2202,0,0
8-303,395495200,1716276615,15155,8-302,35.4813,1,0
8-303,395495201,1716276615,15159,8-302,17.7828,1,0
8-303,395495203,1716276615,15155,8-303,19.9526,1,0
8-303,395495205,1716276615,15158,8-303,1.58489,1,0
8-303,395495206,1716276615,15158,8-303,7.94328,2,0
8-303,395495207,1716276616,15158,8-302,35.4813,0,0
8-303,395495210,1716276617,15158,8-303,22.3872,0,0
8-303,395495212,1716276617,15158,8-320,70.7946,1,0
8-303,395495216,1716276619,15164,8-302,17.7828,1,0
8-303,395495217,1716276620,15164,8-303,5.62341,2,0
8-303,395495218,1716276620,15164,8-303,3.98107,1,0
8-303,395495219,1716276620,15164,8-302,70.7946,0,0
8-303,395495224,1716276622,15159,8-303,25.1189,2,0
8-303,395495226,1716276622,15159,8-303,3.54813,1,0
8-303,395495230,1716276623,15159,8-303,7.07946,0,0
8-303,395495232,1716276624,15159,8-302,28.1838,1,0
8-303,395495242,1716276627,15164,8-303,5.01187,0,0
8-303,395495250,1716276630,15159,8-303,25.1189,2,0
8-303,395495252,1716276631,15159,8-303,25.1189,0,0
8-303,395495254,1716276632,15158,8-320,63.0957,1,0
8-303,395495255,1716276632,15158,8-302,15.8489,1,0
8-303,395495256,1716276632,15158,8-303,1.41254,1,0
8-303,395495257,1716276633,15158,8-302,39.8107,0,0
8-303,395495266,1716276638,15159,8-303,7.07946,0,0
8-303,395495268,1716276639,15159,8-303,25.1189,2,0
8-303,395495269,1716276640,15155,8-303,12.5893,0,0
8-303,395495270,1716276640,15158,8-303,19.9526,0,0
8-303,395495271,1716276640,15158,8-302,12.5893,1,0
8-303,395495273,1716276641,15158,8-303,11.2202,2,0
8-303,395495274,1716276641,15158,8-302,39.8107,0,0
8-303,395495279,1716276643,15164,8-302,100.0,0,0
8-303,395495281,1716276643,15164,8-303,12.5893,2,0
8-303,395495286,1716276646,15159,8-303,6.30957,0,0
8-303,395495287,1716276647,15159,8-302,25.1189,1,0
8-303,395495288,1716276647,15155,8-302,70.7946,0,0
8-303,395495290,1716276647,15159,8-302,63.0957,0,0
8-303,395495291,1716276647,15155,8-303,15.8489,1,0
8-303,395495292,1716276647,15155,8-303,12.5893,2,0
8-303,395495293,1716276647,15159,8-303,7.07946,2,0
8-303,395495396,1716276683,15164,8-302,15.8489,1,0
8-303,395495397,1716276683,15164,8-303,12.5893,2,0
8-303,395495399,1716276684,15164,8-303,7.94328,0,0
8-303,395495400,1716276684,15164,8-302,100.0,0,0
8-303,395495404,1716276686,15159,8-303,3.54813,1,0
8-303,395495405,1716276686,15159,8-303,28.1838,0,0
8-303,395495407,1716276687,15159,8-320,63.0957,1,0
8-303,395495409,1716276687,15155,8-302,17.7828,1,0
8-303,395495411,1716276688,15155,8-303,17.7828,1,0
8-303,395495419,1716276691,15164,8-320,63.0957,1,0
8-303,395495420,1716276691,15164,8-302,22.3872,1,0
8-303,395495421,1716276692,15164,8-303,5.01187,2,0
8-303,395495422,1716276692,15164,8-303,7.94328,1,0
8-303,395495423,1716276693,15164,8-303,7.94328,0,0
8-303,395495428,1716276695,15155,8-303,14.1254,0,0
8-303,395495431,1716276696,15158,8-302,11.2202,1,0
8-303,395495433,1716276696,15158,8-303,1.0,1,0
8-303,395495434,1716276696,15158,8-303,7.94328,2,0
8-303,395495438,1716276699,15164,8-320,112.202,1,0
8-303,395495440,1716276701,15164,8-303,7.07946,1,0
8-303,395495444,1716276702,15159,8-302,22.3872,1,0
8-303,395495446,1716276703,15159,8-303,31.6228,2,0
8-303,395495447,1716276703,15155,8-302,70.7946,0,0
8-303,395495448,1716276703,15159,8-302,56.2341,0,0
8-303,395495449,1716276703,15155,8-303,7.94328,0,0
8-303,395495450,1716276703,15159,8-303,7.07946,0,0
8-303,395495452,1716276704,15158,8-302,8.91251,1,0
8-303,395495454,1716276705,15158,8-303,3.16228,2,0
8-303,395495458,1716276707,15164,8-303,14.1254,2,0
8-303,395495460,1716276707,15164,8-303,7.94328,0,0
8-303,395495463,1716276708,15164,8-302,19.9526,1,0
8-303,395495469,1716276712,15159,8-303,7.07946,0,0
8-303,395495470,1716276712,15158,8-303,22.3872,0,0
8-303,395495471,1716276712,15158,8-320,79.4328,1,0
8-303,395495476,1716276716,15164,8-303,4.46684,0,0
8-303,395495480,1716276718,15159,8-303,7.07946,2,0
8-303,395495482,1716276718,15159,8-303,7.07946,0,0
8-303,395495484,1716276719,15159,8-320,89.1251,1,0
8-303,395495485,1716276719,15159,8-302,25.1189,1,0
8-303,395495488,1716276720,15158,8-303,22.3872,0,0
8-303,395495491,1716276721,15158,8-320,70.7946,1,0
8-303,395495492,1716276721,15158,8-302,14.1254,1,0
8-303,395495494,1716276721,15158,8-303,0.891251,1,0
8-303,395495498,1716276723,15164,8-302,17.7828,1,0
8-303,395495500,1716276723,15164,8-303,7.94328,1,0
8-303,395495503,1716276724,15164,8-303,14.1254,2,0
8-303,395495505,1716276724,15164,8-303,7.94328,0,0
8-303,395495510,1716276726,15159,8-303,6.30957,2,0
8-303,395495511,1716276727,15159,8-303,25.1189,0,0
8-303,395495513,1716276727,15159,8-320,100.0,1,0
8-303,395495514,1716276727,15155,8-302,15.8489,1,0
8-303,395495515,1716276727,15159,8-302,25.1189,1,0
8-303,395495518,1716276729,15158,8-303,7.94328,0,0
8-303,395495523,1716276731,15164,8-302,28.1838,1,0
8-303,395495526,1716276733,15164,8-303,14.1254,2,0
8-303,395495528,1716276734,15159,8-303,3.54813,1,0
8-303,395495530,1716276735,15159,8-303,7.07946,0,0
8-303,395495532,1716276736,15155,8-302,70.7946,0,0
8-303,395495539,1716276739,15164,8-303,5.01187,2,0
8-303,395495542,1716276740,15164,8-302,44.6684,1,0
8-303,395495547,1716276742,15159,8-302,19.9526,1,0
8-303,395495548,1716276742,15159,8-302,50.1187,0,0
8-303,395495551,1716276742,15155,8-303,7.07946,1,0
8-303,395495552,1716276743,15159,8-303,3.54813,1,0
8-303,395495554,1716276743,15155,8-303,12.5893,2,0
8-303,395495555,1716276744,15159,8-303,28.1838,0,0
8-303,395495556,1716276744,15159,8-303,7.07946,2,0
8-303,395495558,1716276744,15155,8-302,15.8489,1,0
8-303,395495559,1716276744,15158,8-302,15.8489,1,0
8-303,395495560,1716276744,15158,8-302,19.9526,0,0
8-303,395495567,1716276748,15164,8-303,5.62341,0,0
8-303,395495570,1716276748,15164,8-320,56.2341,1,0
8-303,395495572,1716276748,15164,8-302,56.2341,1,0
8-303,395495576,1716276751,15155,8-302,15.8489,1,0
8-303,395495579,1716276751,15155,8-303,7.07946,1,0
8-303,395495580,1716276751,15159,8-303,4.46684,1,0
8-303,395495583,1716276752,15158,8-303,22.3872,0,0
8-303,395495584,1716276752,15155,8-303,11.2202,2,0
8-303,395495585,1716276752,15158,8-303,3.16228,2,0
8-303,395495587,1716276752,15158,8-302,70.7946,0,0
8-303,395495588,1716276753,15158,8-302,8.91251,1,0
8-303,395495594,1716276756,15164,8-303,5.62341,0,0
8-303,395495595,1716276756,15164,8-303,12.5893,2,0
8-303,395495596,1716276757,15164,8-302,70.7946,0,0
8-303,395495597,1716276757,15164,8-302,15.8489,1,0
8-303,395495600,1716276758,15159,8-303,3.16228,1,0
8-303,395495602,1716276759,15159,8-302,63.0957,0,0
8-303,395495606,1716276760,15155,8-303,11.2202,0,0
8-303,395495607,1716276760,15158,8-303,7.07946,2,0
8-303,395495608,1716276760,15158,8-303,25.1189,0,0
8-303,395495609,1716276761,15158,8-302,125.893,0,0
8-303,395495610,1716276761,15158,8-302,15.8489,1,0
8-303,395495615,1716276764,15164,8-303,7.94328,1,0
8-303,395495618,1716276765,15164,8-303,5.62341,0,0
8-303,395495621,1716276766,15159,8-303,7.07946,1,0
8-303,395495624,1716276767,15155,8-303,12.5893,2,0
8-303,395495625,1716276767,15155,8-303,14.1254,0,0
8-303,395495626,1716276767,15159,8-303,11.2202,0,0
8-303,395495627,1716276767,15159,8-303,7.07946,2,0
8-303,395495629,1716276767,15159,8-320,70.7946,1,0
8-303,395495738,1716276803,15164,8-303,5.62341,2,0
8-303,395495739,1716276803,15164,8-320,63.0957,1,0
8-303,395495744,1716276807,15155,8-303,19.9526,1,0
8-303,395495745,1716276807,15159,8-303,6.30957,1,0
8-303,395495746,1716276807,15155,8-303,12.5893,0,0
8-303,395495747,1716276807,15159,8-303,25.1189,0,0
8-303,395495749,1716276807,15158,8-320,50.1187,1,0
8-303,395495750,1716276808,15155,8-303,12.5893,2,0
8-303,395495751,1716276808,15159,8-303,7.07946,2,0
8-303,395495752,1716276808,15155,8-302,70.7946,0,0
8-303,395495753,1716276808,15158,8-302,112.202,0,0
8-303,395495756,1716276809,15158,8-303,3.16228,1,0
8-303,395495757,1716276809,15158,8-302,17.7828,1,0
8-303,395495762,1716276811,15164,8-302,15.8489,1,0
8-303,395495764,1716276812,15164,8-303,5.01187,0,0
8-303,395495767,1716276812,15164,8-320,35.4813,1,0
8-303,395495768,1716276812,15164,8-303,15.8489,2,0
8-303,395495771,1716276814,15159,8-303,7.07946,0,0
8-303,395495774,1716276814,15159,8-320,79.4328,1,0
8-303,395495777,1716276815,15155,8-303,7.94328,1,0
8-303,395495779,1716276816,15155,8-302,15.8489,1,0
8-303,395495780,1716276816,15159,8-302,25.1189,1,0
8-303,395495781,1716276816,15158,8-302,8.91251,1,0
8-303,395495783,1716276816,15155,8-303,7.07946,0,0
8-303,395495784,1716276816,15158,8-303,7.07946,0,0
8-303,395495787,1716276816,15158,8-320,63.0957,1,0
8-303,395495788,1716276816,15158,8-303,7.94328,2,0
8-303,395495795,1716276820,15164,8-303,7.07946,1,0
8-303,395495796,1716276820,15164,8-303,4.46684,0,0
8-303,395495798,1716276820,15164,8-303,5.62341,2,0
8-303,395495802,1716276822,15159,8-320,89.1251,1,0
8-303,395495803,1716276823,15155,8-302,63.0957,0,0
8-303,395495805,1716276824,15155,8-303,7.94328,1,0
8-303,395495806,1716276824,15158,8-303,1.58489,1,0
8-303,395495807,1716276824,15158,8-302,15.8489,1,0
8-303,395495809,1716276824,15155,8-303,12.5893,0,0
8-303,395495810,1716276824,15158,8-303,7.94328,0,0
8-303,395495812,1716276825,15158,8-303,7.07946,2,0
8-303,395495813,1716276825,15158,8-302,89.1251,0,0
8-303,395495818,1716276828,15164,8-303,3.98107,1,0
8-303,395495822,1716276830,15159,8-303,3.54813,1,0
8-303,395495824,1716276831,15155,8-303,7.94328,0,0
8-303,395495825,1716276831,15159,8-320,70.7946,1,0
8-303,395495826,1716276831,15159,8-303,14.1254,0,0
8-303,395495829,1716276832,15158,8-303,1.0,1,0
8-303,395495832,1716276833,15158,8-302,25.1189,0,0
8-303,395495836,1716276835,15164,8-303,7.07946,0,0
8-303,395495837,1716276835,15164,8-302,100.0,0,0
8-303,395495839,1716276835,15164,8-303,15.8489,2,0
8-303,395495841,1716276837,15164,8-302,15.8489,1,0
8-303,395495844,1716276839,15155,8-302,50.1187,1,0
8-303,395495846,1716276839,15159,8-302,19.9526,1,0
8-303,395495847,1716276839,15155,8-303,19.9526,1,0
8-303,395495848,1716276839,15159,8-303,3.54813,1,0
8-303,395495850,1716276839,15159,8-320,70.7946,1,0
8-303,395495852,1716276839,15155,8-303,12.5893,0,0
8-303,395495853,1716276839,15159,8-303,8.91251,0,0
8-303,395495854,1716276839,15158,8-302,25.1189,0,0
8-303,395495856,1716276840,15158,8-303,8.91251,2,0
8-303,395495858,1716276841,15158,8-302,22.3872,1,0
8-303,395495864,1716276843,15164,8-303,5.01187,0,0
8-303,395495865,1716276843,15164,8-302,79.4328,0,0
8-303,395495868,1716276844,15164,8-303,15.8489,2,0
8-303,395495872,1716276847,15155,8-303,15.8489,1,0
8-303,395495875,1716276848,15159,8-302,50.1187,0,0
8-303,395495876,1716276848,15158,8-302,17.7828,0,0
8-303,395495877,1716276848,15155,8-303,12.5893,0,0
8-303,395495878,1716276848,15159,8-303,7.07946,0,0
8-303,395495879,1716276848,15158,8-303,7.94328,0,0
8-303,395495881,1716276848,15158,8-303,2.81838,2,0
8-303,395495890,1716276852,15164,8-303,2.81838,1,0
8-303,395495892,1716276852,15164,8-320,112.202,1,0
8-303,395495896,1716276854,15159,8-303,5.62341,1,0
8-303,395495898,1716276854,15159,8-320,70.7946,1,0
8-303,395495899,1716276854,15159,8-303,14.1254,0,0
8-303,395495902,1716276856,15158,8-302,6.30957,1,0
8-303,395495904,1716276856,15158,8-303,3.16228,1,0
8-303,395495905,1716276856,15158,8-302,17.7828,0,0
8-303,395495908,1716276856,15158,8-303,10.0,0,0
8-303,395495909,1716276857,15158,8-303,15.8489,2,0
8-303,395495914,1716276860,15164,8-303,3.16228,1,0
8-303,395495918,1716276862,15159,8-302,28.1838,1,0
8-303,395495919,1716276862,15159,8-303,17.7828,1,0
8-303,395495922,1716276862,15155,8-303,12.5893,0,0
8-303,395495923,1716276863,15159,8-303,19.9526,0,0
8-303,395495924,1716276863,15159,8-303,7.94328,2,0
8-303,395495925,1716276864,15158,8-302,28.1838,1,0
8-303,395495926,1716276864,15155,8-303,8.91251,1,0
8-303,395495927,1716276864,15158,8-303,2.81838,1,0
8-303,395495928,1716276865,15158,8-320,35.4813,1,0
8-303,395495930,1716276865,15158,8-303,14.1254,0,0
8-303,395495935,1716276868,15164,8-303,8.91251,2,0
8-303,395495936,1716276868,15164,8-302,79.4328,0,0
8-303,395495940,1716276869,15164,8-303,19.9526,0,0
8-303,395495941,1716276869,15164,8-320,125.893,1,0
8-303,395495944,1716276871,15155,8-303,11.2202,1,0
8-303,395495945,1716276871,15155,8-303,35.4813,0,0
8-303,395495947,1716276872,15155,8-303,3.98107,2,0
8-303,395495948,1716276872,15158,8-303,14.1254,2,0
8-303,395495950,1716276872,15155,8-302,14.1254,1,0
8-303,395495951,1716276872,15158,8-302,15.8489,0,0
8-303,395495952,1716276873,15158,8-303,1.58489,1,0
8-303,395495954,1716276873,15158,8-303,8.91251,0,0
8-303,395495955,1716276873,15158,8-320,44.6684,1,0
8-303,395495957,1716276875,15164,8-303,39.8107,0,0
8-303,395495959,1716276875,15164,8-320,79.4328,1,0
8-303,395495960,1716276876,15164,8-303,11.2202,2,0
8-303,395495961,1716276876,15164,8-302,15.8489,1,0
8-303,395495962,1716276876,15164,8-302,100.0,0,0
8-303,395495968,1716276878,15159,8-303,11.2202,2,0
8-303,395495969,1716276879,15155,8-302,25.1189,0,0
8-303,395495972,1716276880,15155,8-303,7.07946,0,0
8-303,395495973,1716276880,15159,8-303,28.1838,0,0
8-303,395495975,1716276880,15158,8-320,31.6228,1,0
8-303,395495977,1716276881,15158,8-302,56.2341,0,0
8-303,395495980,1716276881,15158,8-303,0.446684,1,0
8-303,395495986,1716276884,15164,8-303,25.1189,0,0
8-303,395495988,1716276885,15164,8-303,10.0,2,0
8-303,395495994,1716276887,15155,8-303,3.16228,2,0
8-303,395495995,1716276887,15155,8-302,15.8489,1,0
8-303,395496099,1716276924,15164,8-303,15.8489,0,0
8-303,395496100,1716276924,15164,8-303,7.94328,2,0
8-303,395496101,1716276924,15164,8-303,19.9526,1,0
8-303,395496102,1716276924,15164,8-302,44.6684,0,0
8-303,395496106,1716276925,15164,8-302,17.7828,1,0
8-303,395496108,1716276926,15159,8-303,7.94328,1,0
8-303,395496109,1716276926,15159,8-302,100.0,0,0
8-303,395496110,1716276926,15159,8-320,100.0,1,0
8-303,395496114,1716276928,15158,8-303,4.46684,2,0
8-303,395496115,1716276928,15158,8-303,19.9526,0,0
8-303,395496117,1716276928,15158,8-303,0.354813,1,0
8-303,395496126,1716276932,15164,8-302,44.6684,0,0
8-303,395496136,1716276936,15155,8-302,7.94328,1,0
8-303,395496137,1716276936,15155,8-302,28.1838,0,0
8-303,395496147,1716276942,15159,8-302,63.0957,1,0
8-303,395496149,1716276943,15155,8-302,31.6228,0,0
8-303,395496150,1716276943,15155,8-303,3.54813,0,0
8-303,395496151,1716276943,15159,8-302,100.0,0,0
8-303,395496152,1716276943,15159,8-303,56.2341,0,0
8-303,395496154,1716276943,15155,8-303,3.98107,2,0
8-303,395496157,1716276943,15155,8-303,5.62341,1,0
8-303,395496159,1716276943,15155,8-320,25.1189,1,0
8-303,395496172,1716276951,15155,8-302,14.1254,0,0
8-303,395496173,1716276951,15159,8-302,89.1251,0,0
8-303,395496174,1716276951,15155,8-303,3.54813,0,0
8-303,395496175,1716276951,15159,8-303,39.8107,0,0
8-303,395496178,1716276951,15159,8-303,28.1838,2,0
8-303,395496180,1716276952,15159,8-303,7.94328,1,0
8-303,395496182,1716276952,15155,8-320,22.3872,1,0
8-303,395496183,1716276952,15155,8-302,7.94328,1,0
8-303,395496189,1716276955,15164,8-303,22.3872,0,0
8-303,395496192,1716276956,15164,8-303,7.94328,2,0
8-303,395496198,1716276959,15159,8-302,70.7946,0,0
8-303,395496201,1716276960,15158,8-303,12.5893,0,0
8-303,395496204,1716276960,15158,8-303,3.54813,2,0
8-303,395496205,1716276961,15158,8-302,11.2202,1,0
8-303,395496211,1716276964,15164,8-303,7.94328,2,0
8-303,395496212,1716276964,15164,8-303,50.1187,1,0
8-303,395496214,1716276966,15159,8-303,7.07946,1,0
8-303,395496217,1716276967,15155,8-320,25.1189,1,0
8-303,395496218,1716276967,15155,8-302,7.94328,1,0
8-303,395496221,1716276968,15155,8-303,3.98107,0,0
8-303,395496222,1716276968,15158,8-303,22.3872,0,0
8-303,395496223,1716276969,15158,8-303,7.07946,2,0
8-303,395496229,1716276972,15164,8-303,25.1189,0,0
8-303,395496231,1716276973,15164,8-303,10.0,2,0
8-303,395496234,1716276974,15159,8-303,44.6684,0,0
8-303,395496235,1716276975,15159,8-303,22.3872,1,0
8-303,395496237,1716276975,15155,8-302,31.6228,0,0
8-303,395496238,1716276975,15158,8-302,100.0,0,0
8-303,395496241,1716276976,15158,8-303,28.1838,0,0
8-303,395496242,1716276977,15158,8-303,0.141254,1,0
8-303,395496244,1716276977,15158,8-302,12.5893,1,0
8-303,395496245,1716276977,15158,8-303,3.54813,2,0
8-303,395496246,1716276977,15158,8-320,25.1189,1,0
8-303,395496249,1716276979,15164,8-303,7.94328,2,0
8-303,395496251,1716276980,15164,8-302,79.4328,0,0
8-303,395496259,1716276983,15155,8-303,7.07946,0,0
8-303,395496261,1716276984,15155,8-302,14.1254,1,0
8-303,395496264,1716276984,15155,8-320,39.8107,1,0
8-303,395496265,1716276984,15155,8-303,7.07946,2,0
8-303,395496266,1716276984,15155,8-302,14.1254,0,0
8-303,395496269,1716276985,15158,8-303,0.199526,1,0
8-303,395496275,1716276988,15164,8-303,8.91251,2,0
8-303,395496276,1716276988,15164,8-320,89.1251,1,0
8-303,395496282,1716276992,15158,8-302,12.5893,1,0
8-303,395496283,1716276992,15158,8-302,112.202,0,0
8-303,395496286,1716276992,15155,8-303,7.94328,2,0
8-303,395496287,1716276992,15158,8-303,3.98107,2,0
8-303,395496290,1716276993,15158,8-303,19.9526,0,0
8-303,395496294,1716276995,15164,8-303,28.1838,0,0
8-303,395496296,1716276996,15164,8-303,7.07946,1,0
8-303,395496298,1716276996,15164,8-302,25.1189,1,0
8-303,395496299,1716276996,15164,8-302,25.1189,0,0
8-303,395496300,1716276996,15164,8-320,70.7946,1,0
8-303,395496301,1716276997,15164,8-303,7.94328,2,0
8-303,395496307,1716276999,15155,8-303,3.98107,0,0
8-303,395496308,1716277000,15158,8-303,70.7946,0,0
8-303,395496313,1716277001,15158,8-303,6.30957,2,0
8-303,395496319,1716277004,15164,8-303,35.4813,0,0
8-303,395496320,1716277004,15164,8-302,70.7946,0,0
8-303,395496322,1716277005,15164,8-303,10.0,1,0
8-303,395496323,1716277005,15164,8-302,25.1189,1,0
8-303,395496328,1716277007,15155,8-302,12.5893,1,0
8-303,395496329,1716277007,15159,8-302,63.0957,1,0
8-303,395496333,1716277007,15155,8-303,3.98107,2,0
8-303,395496334,1716277007,15155,8-320,25.1189,1,0
8-303,395496335,1716277007,15159,8-303,11.2202,2,0
8-303,395496440,1716277044,15164,8-303,7.94328,2,0
8-303,395496441,1716277044,15164,8-302,50.1187,0,0
8-303,395496448,1716277046,15159,8-303,19.9526,0,0
8-303,395496449,1716277046,15159,8-303,14.1254,2,0
8-303,395496451,1716277047,15155,8-302,7.07946,1,0
8-303,395496453,1716277047,15155,8-303,3.16228,1,0
8-303,395496455,1716277047,15155,8-320,39.8107,1,0
8-303,395496456,1716277048,15155,8-302,35.4813,0,0
8-303,395496458,1716277048,15155,8-303,4.46684,0,0
8-303,395496460,1716277048,15155,8-303,5.01187,2,0
8-303,395496461,1716277048,15158,8-303,3.98107,2,0
8-303,395496463,1716277049,15158,8-303,0.316228,1,0
8-303,395496467,1716277051,15164,8-302,7.94328,1,0
8-303,395496468,1716277052,15164,8-303,22.3872,1,0
8-303,395496472,1716277052,15164,8-302,56.2341,0,0
8-303,395496473,1716277052,15164,8-303,28.1838,0,0
8-303,395496478,1716277054,15159,8-302,112.202,0,0
8-303,395496481,1716277055,15155,8-303,4.46684,2,0
8-303,395496482,1716277055,15155,8-302,7.07946,1,0
8-303,395496484,1716277056,15155,8-303,4.46684,1,0
8-303,395496485,1716277056,15158,8-303,0.199526,1,0
8-303,395496489,1716277057,15155,8-303,7.07946,0,0
8-303,395496490,1716277057,15158,8-303,14.1254,0,0
8-303,395496492,1716277057,15158,8-303,3.54813,2,0
8-303,395496500,1716277060,15164,8-303,15.8489,1,0
8-303,395496502,1716277060,15164,8-320,89.1251,1,0
8-303,395496504,1716277061,15164,8-303,17.7828,0,0
8-303,395496506,1716277061,15164,8-303,8.91251,2,0
8-303,395496510,1716277063,15155,8-303,7.94328,0,0
8-303,395496512,1716277063,15155,8-303,3.98107,2,0
8-303,395496513,1716277063,15159,8-303,12.5893,2,0
8-303,395496514,1716277064,15158,8-302,35.4813,1,0
8-303,395496516,1716277064,15155,8-303,5.01187,1,0
8-303,395496517,1716277064,15158,8-303,0.316228,1,0
8-303,395496520,1716277065,15158,8-320,25.1189,1,0
8-303,395496522,1716277065,15158,8-303,15.8489,0,0
8-303,395496524,1716277065,15158,8-303,7.07946,2,0
8-303,395496529,1716277067,15164,8-303,19.9526,0,0
8-303,395496531,1716277068,15164,8-303,11.2202,2,0
8-303,395496532,1716277069,15164,8-302,44.6684,0,0
8-303,395496533,1716277069,15164,8-303,2.51189,1,0
8-303,395496536,1716277069,15164,8-320,79.4328,1,0
8-303,395496537,1716277070,15159,8-302,89.1251,1,0
8-303,395496538,1716277071,15155,8-302,28.1838,0,0
8-303,395496540,1716277071,15159,8-302,70.7946,0,0
8-303,395496544,1716277071,15159,8-303,44.6684,0,0
8-303,395496545,1716277072,15158,8-303,4.46684,2,0
8-303,395496546,1716277072,15158,8-302,39.8107,1,0
8-303,395496549,1716277073,15158,8-303,0.316228,1,0
8-303,395496553,1716277076,15164,8-303,31.6228,0,0
8-303,395496555,1716277076,15164,8-303,11.2202,2,0
8-303,395496557,1716277077,15164,8-302,22.3872,1,0
8-303,395496559,1716277078,15159,8-303,22.3872,0,0
8-303,395496561,1716277078,15159,8-303,141.254,2,0
8-303,395496565,1716277080,15155,8-303,3.98107,0,0
8-303,395496566,1716277080,15158,8-303,22.3872,0,0
8-303,395496568,1716277080,15158,8-303,3.54813,2,0
8-303,395496571,1716277081,15158,8-302,35.4813,0,0
8-303,395496572,1716277081,15158,8-303,0.158489,1,0
8-303,395496577,1716277084,15164,8-303,6.30957,1,0
8-303,395496579,1716277084,15164,8-303,15.8489,0,0
8-303,395496584,1716277086,15159,8-303,28.1838,0,0
8-303,395496587,1716277087,15159,8-302,112.202,0,0
8-303,395496589,1716277088,15158,8-303,0.199526,1,0
8-303,395496591,1716277088,15158,8-320,28.1838,1,0
8-303,395496593,1716277088,15158,8-303,12.5893,0,0
8-303,395496601,1716277092,15164,8-302,44.6684,0,0
8-303,395496604,1716277093,15164,8-303,17.7828,0,0
8-303,395496610,1716277095,15155,8-303,3.98107,0,0
8-303,395496611,1716277095,15159,8-303,25.1189,0,0
8-303,395496614,1716277096,15158,8-320,28.1838,1,0
8-303,395496616,1716277097,15155,8-303,10.0,1,0
8-303,395496617,1716277097,15158,8-303,0.316228,1,0
8-303,395496624,1716277100,15164,8-302,10.0,1,0
8-303,395496627,1716277100,15164,8-302,70.7946,0,0
8-303,395496634,1716277103,15155,8-320,35.4813,1,0
8-303,395496636,1716277103,15159,8-303,8.91251,1,0
8-303,395496637,1716277103,15159,8-303,50.1187,0,0
8-303,395496638,1716277104,15155,8-302,10.0,1,0
8-303,395496639,1716277104,15159,8-302,112.202,1,0
8-303,395496642,1716277104,15155,8-303,3.54813,2,0
8-303,395496643,1716277104,15158,8-302,112.202,0,0
8-303,395496644,1716277104,15158,8-303,3.54813,2,0
8-303,395496647,1716277105,15158,8-303,14.1254,0,0
8-303,395496652,1716277107,15164,8-303,2.81838,1,0
8-303,395496653,1716277108,15164,8-303,31.6228,0,0
8-303,395496654,1716277108,15164,8-302,15.8489,1,0
8-303,395496657,1716277108,15164,8-303,10.0,2,0
8-303,395496660,1716277111,15159,8-303,28.1838,2,0
8-303,395496662,1716277112,15158,8-303,0.199526,1,0
8-303,395496663,1716277112,15155,8-303,6.30957,0,0
8-303,395496664,1716277112,15155,8-302,11.2202,1,0
8-303,395496666,1716277113,15158,8-303,3.54813,2,0
8-303,395496672,1716277115,15164,8-320,70.7946,1,0
8-303,395496680,1716277120,15155,8-303,8.91251,1,0
8-303,395496681,1716277120,15158,8-303,0.158489,1,0
8-303,395496682,1716277120,15158,8-303,12.5893,0,0
8-303,395496689,1716277123,15164,8-303,11.2202,2,0
8-303,395496691,1716277125,15164,8-302,25.1189,0,0
8-303,395496693,1716277125,15164,8-302,8.91251,1,0
8-303,395496810,1716277164,15164,8-303,7.07946,1,0
8-303,395496814,1716277166,15159,8-302,79.4328,0,0
8-303,395496819,1716277168,15155,8-303,3.98107,1,0
8-303,395496820,1716277168,15155,8-302,12.5893,0,0
8-303,395496821,1716277168,15155,8-303,7.07946,0,0
8-303,395496824,1716277169,15155,8-303,4.46684,2,0
8-303,395496825,1716277169,15158,8-303,4.46684,2,0
8-303,395496826,1716277169,15158,8-302,8.91251,1,0
8-303,395496836,1716277175,15155,8-303,3.98107,0,0
8-303,395496838,1716277175,15155,8-303,7.07946,2,0
8-303,395496839,1716277175,15155,8-302,7.94328,1,0
8-303,395496841,1716277176,15155,8-303,7.94328,1,0
8-303,395496842,1716277176,15158,8-303,0.199526,1,0
8-303,395496843,1716277177,15155,8-302,31.6228,0,0
8-303,395496845,1716277177,15158,8-320,100.0,1,0
8-303,395496851,1716277181,15164,8-303,7.07946,1,0
8-303,395496853,1716277181,15164,8-303,17.7828,0,0
8-303,395496855,1716277183,15155,8-302,14.1254,0,0
8-303,395496857,1716277183,15155,8-303,2.23872,1,0
8-303,395496860,1716277183,15159,8-303,6.30957,2,0
8-303,395496865,1716277187,15164,8-303,28.1838,0,0
8-303,395496866,1716277187,15164,8-302,17.7828,1,0
8-303,395496869,1716277189,15164,8-302,63.0957,0,0
8-303,395496875,1716277191,15155,8-302,31.6228,0,0
8-303,395496877,1716277191,15155,8-303,11.2202,1,0
8-303,395496878,1716277191,15159,8-303,10.0,1,0
8-303,395496880,1716277192,15155,8-320,63.0957,1,0
8-303,395496882,1716277192,15158,8-302,11.2202,1,0
8-303,395496883,1716277192,15155,8-303,3.98107,0,0
8-303,395496884,1716277192,15158,8-303,19.9526,0,0
8-303,395496886,1716277192,15158,8-303,5.01187,2,0
8-303,395496888,1716277193,15158,8-302,35.4813,0,0
8-303,395496893,1716277196,15164,8-303,31.6228,0,0
8-303,395496895,1716277196,15164,8-303,7.07946,2,0
8-303,395496900,1716277200,15158,8-303,0.199526,1,0
8-303,395496901,1716277200,15155,8-302,17.7828,1,0
8-303,395496902,1716277200,15158,8-302,10.0,1,0
8-303,395496905,1716277200,15155,8-303,3.16228,0,0
8-303,395496906,1716277201,15158,8-303,7.94328,2,0
8-303,395496908,1716277201,15158,8-302,63.0957,0,0
8-303,395496918,1716277206,15159,8-303,7.94328,1,0
8-303,395496920,1716277206,15159,8-302,17.7828,1,0
8-303,395496922,1716277207,15159,8-320,35.4813,1,0
8-303,395496925,1716277207,15155,8-303,6.30957,2,0
8-303,395496926,1716277207,15159,8-303,1.99526,2,0
8-303,395496927,1716277208,15155,8-302,28.1838,0,0
8-303,395496928,1716277208,15155,8-303,2.23872,1,0
8-303,395496929,1716277208,15158,8-303,0.199526,1,0
8-303,395496931,1716277209,15155,8-303,5.62341,0,0
8-303,395496932,1716277209,15158,8-302,31.6228,1,0
8-303,395496936,1716277209,15158,8-303,3.54813,2,0
8-303,395496940,1716277212,15164,8-302,39.8107,0,0
8-303,395496945,1716277215,15159,8-303,44.6684,0,0
8-303,395496947,1716277215,15159,8-302,15.8489,1,0
8-303,395496948,1716277215,15155,8-303,2.23872,1,0
8-303,395496949,1716277215,15159,8-303,12.5893,1,0
8-303,395496951,1716277215,15159,8-320,35.4813,1,0
8-303,395496954,1716277216,15158,8-303,3.98107,2,0
8-303,395496955,1716277217,15158,8-302,11.2202,1,0
8-303,395496956,1716277217,15158,8-303,0.199526,1,0
8-303,395496963,1716277220,15164,8-303,5.62341,2,0
8-303,395496964,1716277221,15164,8-303,39.8107,0,0
8-303,395496965,1716277221,15164,8-302,63.0957,1,0
8-303,395496970,1716277223,15155,8-303,5.01187,0,0
8-303,395496971,1716277223,15155,8-302,25.1189,1,0
8-303,395496973,1716277223,15155,8-320,70.7946,1,0
8-303,395496974,1716277224,15155,8-303,7.94328,1,0
8-303,395496976,1716277224,15155,8-302,100.0,0,0
8-303,395496977,1716277224,15155,8-303,7.94328,2,0
8-303,395496985,1716277229,15164,8-303,14.1254,2,0
8-303,395496989,1716277230,15159,8-303,7.94328,1,0
8-303,395496991,1716277231,15155,8-303,10.0,2,0
8-303,395496992,1716277231,15159,8-303,2.51189,2,0
8-303,395496994,1716277232,15155,8-303,7.94328,0,0
8-303,395496995,1716277232,15158,8-303,17.7828,0,0
8-303,395496997,1716277232,15159,8-302,70.7946,1,0
8-303,395496998,1716277232,15158,8-302,19.9526,1,0
8-303,395497000,1716277232,15155,8-320,35.4813,1,0
8-303,395497001,1716277232,15158,8-320,50.1187,1,0
8-303,395497003,1716277232,15155,8-303,25.1189,1,0
8-303,395497004,1716277233,15158,8-302,50.1187,0,0
8-303,395497011,1716277236,15164,8-303,4.46684,0,0
8-303,395497013,1716277236,15164,8-303,22.3872,1,0
8-303,395497014,1716277237,15164,8-302,89.1251,0,0
8-303,395497019,1716277239,15159,8-303,1.0,2,0
8-303,395497021,1716277240,15155,8-303,7.07946,0,0
8-303,395497022,1716277240,15158,8-303,12.5893,0,0
8-303,395497023,1716277240,15158,8-302,6.30957,1,0
8-303,395497025,1716277240,15155,8-320,31.6228,1,0
8-303,395497026,1716277241,15158,8-320,50.1187,1,0
8-303,395497028,1716277241,15158,8-303,8.91251,1,0
8-303,395497030,1716277241,15158,8-303,10.0,2,0
8-303,395497035,1716277244,15164,8-303,7.07946,2,0
8-303,395497037,1716277244,15164,8-303,5.01187,0,0
8-303,395497039,1716277245,15164,8-303,3.16228,1,0
8-303,395497043,1716277247,15155,8-320,56.2341,1,0
8-303,395497045,1716277247,15155,8-303,11.2202,1,0
8-303,395497151,1716277284,15164,8-303,6.30957,1,0
8-303,395497152,1716277284,15164,8-302,100.0,0,0
8-303,395497154,1716277284,15164,8-303,5.62341,0,0
8-303,395497157,1716277285,15164,8-303,7.94328,2,0
8-303,395497160,1716277286,15159,8-302,17.7828,1,0
8-303,395497162,1716277287,15159,8-303,79.4328,0,0
8-303,395497165,1716277287,15159,8-303,2.23872,2,0
8-303,395497168,1716277288,15158,8-302,12.5893,1,0
8-303,395497171,1716277289,15158,8-303,5.01187,2,0
8-303,395497179,1716277292,15164,8-303,3.54813,1,0
8-303,395497180,1716277292,15164,8-302,125.893,0,0
8-303,395497182,1716277293,15164,8-303,3.98107,0,0
8-303,395497189,1716277295,15155,8-303,19.9526,0,0
8-303,395497193,1716277296,15155,8-303,3.54813,2,0
8-303,395497194,1716277296,15159,8-303,2.23872,2,0
8-303,395497195,1716277297,15155,8-303,11.2202,1,0
8-303,395497196,1716277297,15158,8-303,5.01187,1,0
8-303,395497197,1716277297,15158,8-302,12.5893,1,0
8-303,395497202,1716277299,15164,8-303,4.46684,0,0
8-303,395497206,1716277300,15164,8-303,7.94328,2,0
8-303,395497208,1716277301,15164,8-303,3.16228,1,0
8-303,395497210,1716277301,15164,8-302,12.5893,1,0
8-303,395497215,1716277302,15159,8-303,2.51189,2,0
8-303,395497217,1716277303,15159,8-303,10.0,1,0
8-303,395497218,1716277303,15155,8-302,14.1254,1,0
8-303,395497219,1716277303,15159,8-302,19.9526,1,0
8-303,395497220,1716277304,15159,8-303,44.6684,0,0
8-303,395497223,1716277304,15158,8-320,25.1189,1,0
8-303,395497224,1716277304,15155,8-303,10.0,2,0
8-303,395497225,1716277304,15158,8-303,5.62341,2,0
8-303,395497226,1716277305,15155,8-302,89.1251,0,0
8-303,395497227,1716277305,15158,8-302,28.1838,0,0
8-303,395497229,1716277305,15158,8-303,1.77828,1,0
8-303,395497230,1716277305,15158,8-302,7.07946,1,0
8-303,395497233,1716277308,15164,8-303,5.62341,0,0
8-303,395497236,1716277308,15164,8-303,7.07946,2,0
8-303,395497239,1716277310,15159,8-303,2.23872,2,0
8-303,395497240,1716277311,15155,8-302,50.1187,0,0
8-303,395497241,1716277311,15155,8-303,14.1254,1,0
8-303,395497244,1716277313,15158,8-303,5.01187,2,0
8-303,395497245,1716277314,15158,8-303,5.62341,1,0
8-303,395497251,1716277317,15164,8-320,44.6684,1,0
8-303,395497256,1716277319,15155,8-303,7.94328,2,0
8-303,395497259,1716277320,15155,8-303,22.3872,0,0
8-303,395497270,1716277325,15164,8-303,5.01187,0,0
8-303,395497276,1716277327,15155,8-303,7.07946,0,0
8-303,395497278,1716277327,15155,8-320,100.0,1,0
8-303,395497279,1716277327,15155,8-302,44.6684,0,0
8-303,395497281,1716277328,15155,8-303,3.54813,2,0
8-303,395497282,1716277328,15155,8-302,35.4813,1,0
8-303,395497288,1716277332,15164,8-303,8.91251,2,0
8-303,395497289,1716277332,15164,8-302,12.5893,1,0
8-303,395497290,1716277333,15164,8-303,6.30957,1,0
8-303,395497292,1716277333,15164,8-303,3.98107,0,0
8-303,395497295,1716277334,15159,8-303,1.0,2,0
8-303,395497299,1716277335,15155,8-303,4.46684,0,0
8-303,395497300,1716277335,15159,8-303,56.2341,0,0
8-303,395497301,1716277336,15158,8-302,44.6684,0,0
8-303,395497303,1716277336,15155,8-320,50.1187,1,0
8-303,395497304,1716277336,15158,8-303,5.62341,2,0
8-303,395497305,1716277337,15158,8-302,12.5893,1,0
8-303,395497308,1716277337,15158,8-303,1.77828,1,0
8-303,395497312,1716277339,15164,8-303,5.62341,0,0
8-303,395497314,1716277340,15164,8-320,63.0957,1,0
8-303,395497316,1716277340,15164,8-303,10.0,2,0
8-303,395497324,1716277343,15155,8-303,10.0,1,0
8-303,395497325,1716277344,15155,8-303,22.3872,0,0
8-303,395497327,1716277344,15155,8-320,39.8107,1,0
8-303,395497328,1716277344,15158,8-320,31.6228,1,0
8-303,395497329,1716277345,15155,8-303,7.07946,2,0
8-303,395497330,1716277345,15158,8-303,5.62341,2,0
8-303,395497332,1716277345,15158,8-303,1.77828,1,0
8-303,395497336,1716277348,15164,8-303,3.98107,1,0
8-303,395497343,1716277351,15155,8-320,28.1838,1,0
8-303,395497347,1716277352,15158,8-303,8.91251,0,0
8-303,395497349,1716277353,15158,8-320,56.2341,1,0
8-303,395497350,1716277353,15158,8-302,12.5893,1,0
8-303,395497352,1716277353,15158,8-303,5.01187,2,0
8-303,395497357,1716277356,15164,8-303,3.98107,0,0
8-303,395497364,1716277360,15158,8-303,5.01187,2,0
8-303,395497365,1716277360,15155,8-302,56.2341,0,0
8-303,395497366,1716277360,15158,8-302,89.1251,0,0
8-303,395497369,1716277361,15158,8-303,8.91251,0,0
8-303,395497370,1716277361,15158,8-303,1.12202,1,0
8-303,395497374,1716277362,15158,8-302,11.2202,1,0
8-303,395497378,1716277364,15164,8-303,10.0,2,0
8-303,395497381,1716277366,15159,8-303,1.99526,2,0
8-303,395497382,1716277367,15159,8-303,70.7946,0,0
8-303,395497383,1716277367,15155,8-303,14.1254,1,0
8-303,395497384,1716277367,15159,8-303,12.5893,1,0
8-303,395497487,1716277405,15164,8-303,3.54813,2,0
8-303,395497489,1716277407,15155,8-303,3.54813,2,0
8-303,395497490,1716277407,15159,8-303,2.23872,2,0
8-303,395497494,1716277407,15155,8-303,15.8489,1,0
8-303,395497495,1716277408,15155,8-302,70.7946,0,0
8-303,395497496,1716277408,15158,8-302,28.1838,0,0
8-303,395497499,1716277409,15158,8-303,5.62341,2,0
8-303,395497506,1716277415,15159,8-320,70.7946,1,0
8-303,395497507,1716277415,15159,8-303,56.2341,0,0
8-303,395497509,1716277415,15155,8-303,6.30957,2,0
8-303,395497510,1716277415,15159,8-303,1.0,2,0
8-303,395497512,1716277416,15155,8-303,15.8489,1,0
8-303,395497513,1716277416,15159,8-302,19.9526,1,0
8-303,395497514,1716277416,15159,8-303,10.0,1,0
8-303,395497515,1716277416,15158,8-302,17.7828,0,0
8-303,395497527,1716277422,15159,8-302,19.9526,1,0
8-303,395497531,1716277423,15155,8-303,19.9526,0,0
8-303,395497532,1716277423,15159,8-303,44.6684,0,0
8-303,395497533,1716277423,15155,8-320,50.1187,1,0
8-303,395497536,1716277424,15155,8-303,3.98107,2,0
8-303,395497537,1716277424,15158,8-303,4.46684,2,0
8-303,395497539,1716277424,15155,8-303,14.1254,1,0
8-303,395497540,1716277425,15158,8-303,1.58489,1,0
8-303,395497542,1716277425,15158,8-303,10.0,0,0
8-303,395497543,1716277425,15158,8-320,50.1187,1,0
8-303,395497553,1716277431,15159,8-303,2.51189,2,0
8-303,395497554,1716277431,15155,8-303,14.1254,1,0
8-303,395497555,1716277431,15159,8-303,31.6228,1,0
8-303,395497556,1716277431,15155,8-303,7.07946,0,0
8-303,395497559,1716277432,15155,8-320,50.1187,1,0
8-303,395497560,1716277432,15155,8-302,50.1187,1,0
8-303,395497562,1716277433,15155,8-303,7.94328,2,0
8-303,395497563,1716277433,15155,8-302,63.0957,0,0
8-303,395497564,1716277433,15158,8-303,5.01187,2,0
8-303,395497565,1716277433,15158,8-303,1.12202,1,0
8-303,395497567,1716277436,15164,8-303,5.62341,0,0
8-303,395497570,1716277436,15164,8-320,70.7946,1,0
8-303,395497572,1716277437,15164,8-303,7.94328,2,0
8-303,395497580,1716277440,15155,8-320,50.1187,1,0
8-303,395497581,1716277440,15158,8-320,50.1187,1,0
8-303,395497582,1716277441,15158,8-302,17.7828,0,0
8-303,395497585,1716277444,15164,8-303,8.91251,2,0
8-303,395497586,1716277444,15164,8-303,4.46684,0,0
8-303,395497589,1716277445,15164,8-302,15.8489,1,0
8-303,395497594,1716277446,15159,8-303,39.8107,0,0
8-303,395497598,1716277448,15155,8-303,3.54813,2,0
8-303,395497599,1716277448,15155,8-303,12.5893,1,0
8-303,395497600,1716277448,15159,8-303,1.99526,2,0
8-303,395497601,1716277448,15158,8-303,1.12202,1,0
8-303,395497602,1716277448,15158,8-303,5.01187,2,0
8-303,395497605,1716277448,15158,8-303,10.0,0,0
8-303,395497607,1716277449,15158,8-320,44.6684,1,0
8-303,395497608,1716277449,15158,8-302,11.2202,1,0
8-303,395497612,1716277454,15159,8-303,11.2202,1,0
8-303,395497616,1716277455,15159,8-303,1.0,2,0
8-303,395497617,1716277455,15159,8-303,89.1251,0,0
8-303,395497619,1716277455,15155,8-320,100.0,1,0
8-303,395497620,1716277456,15155,8-302,89.1251,0,0
8-303,395497624,1716277457,15155,8-303,4.46684,0,0
8-303,395497625,1716277457,15158,8-303,4.46684,2,0
8-303,395497637,1716277463,15155,8-303,4.46684,0,0
8-303,395497639,1716277464,15155,8-302,14.1254,1,0
8-303,395497640,1716277464,15159,8-320,39.8107,1,0
8-303,395497641,1716277464,15155,8-302,125.893,0,0
8-303,395497644,1716277465,15158,8-303,10.0,0,0
8-303,395497646,1716277465,15158,8-303,5.62341,2,0
8-303,395497659,1716277471,15155,8-303,14.1254,1,0
8-303,395497660,1716277472,15155,8-303,4.46684,0,0
8-303,395497662,1716277472,15155,8-303,7.94328,2,0
8-303,395497663,1716277472,15159,8-303,1.99526,2,0
8-303,395497664,1716277472,15158,8-303,5.62341,2,0
8-303,395497666,1716277472,15155,8-320,44.6684,1,0
8-303,395497674,1716277476,15164,8-303,3.98107,0,0
8-303,395497676,1716277476,15164,8-303,7.07946,2,0
8-303,395497678,1716277476,15164,8-320,50.1187,1,0
8-303,395497681,1716277478,15159,8-302,25.1189,1,0
8-303,395497683,1716277478,15159,8-303,1.99526,2,0
8-303,395497684,1716277479,15159,8-320,35.4813,1,0
8-303,395497686,1716277480,15158,8-303,10.0,0,0
8-303,395497687,1716277480,15158,8-302,25.1189,0,0
8-303,395497688,1716277480,15155,8-303,7.07946,2,0
8-303,395497689,1716277480,15158,8-303,5.01187,2,0
8-303,395497691,1716277481,15155,8-320,50.1187,1,0
8-303,395497692,1716277481,15158,8-320,56.2341,1,0
8-303,395497697,1716277484,15164,8-303,6.30957,1,0
8-303,395497698,1716277484,15164,8-303,5.62341,0,0
8-303,395497703,1716277487,15155,8-320,31.6228,1,0
8-303,395497704,1716277487,15159,8-320,39.8107,1,0
8-303,395497824,1716277524,15164,8-303,3.54813,1,0
8-303,395497826,1716277525,15164,8-303,5.62341,0,0
8-303,395497831,1716277527,15155,8-303,22.3872,0,0
8-303,395497833,1716277527,15155,8-320,35.4813,1,0
8-303,395497834,1716277528,15158,8-302,63.0957,0,0
8-303,395497835,1716277528,15155,8-303,3.98107,2,0
8-303,395497836,1716277528,15158,8-303,5.01187,2,0
8-303,395497837,1716277528,15155,8-302,17.7828,1,0
8-303,395497838,1716277528,15158,8-302,31.6228,1,0
8-303,395497840,1716277529,15158,8-303,1.12202,1,0
8-303,395497845,1716277532,15164,8-303,7.94328,2,0
8-303,395497848,1716277533,15164,8-302,89.1251,1,0
8-303,395497850,1716277533,15164,8-303,5.62341,0,0
8-303,395497852,1716277534,15159,8-303,0.707946,2,0
8-303,395497854,1716277535,15159,8-302,22.3872,1,0
8-303,395497855,1716277535,15159,8-303,56.2341,0,0
8-303,395497857,1716277536,15159,8-320,39.8107,1,0
8-303,395497858,1716277536,15155,8-302,50.1187,0,0
8-303,395497859,1716277536,15158,8-302,28.1838,0,0
8-303,395497861,1716277536,15158,8-303,5.01187,2,0
8-303,395497863,1716277537,15158,8-302,17.7828,1,0
8-303,395497865,1716277538,15158,8-303,10.0,0,0
8-303,395497869,1716277540,15164,8-303,5.62341,0,0
8-303,395497871,1716277541,15164,8-303,8.91251,2,0
8-303,395497875,1716277542,15159,8-320,100.0,1,0
8-303,395497877,1716277543,15155,8-303,7.94328,2,0
8-303,395497879,1716277543,15159,8-303,2.51189,2,0
8-303,395497882,1716277544,15159,8-303,11.2202,1,0
8-303,395497883,1716277544,15159,8-303,44.6684,0,0
8-303,395497884,1716277544,15158,8-303,8.91251,0,0
8-303,395497886,1716277544,15155,8-320,31.6228,1,0
8-303,395497889,1716277545,15158,8-302,39.8107,1,0
8-303,395497891,1716277546,15158,8-303,1.12202,1,0
8-303,395497897,1716277549,15164,8-320,44.6684,1,0
8-303,395497900,1716277551,15155,8-320,100.0,1,0
8-303,395497903,1716277551,15155,8-303,7.07946,2,0
8-303,395497904,1716277552,15155,8-303,14.1254,1,0
8-303,395497905,1716277552,15159,8-303,11.2202,1,0
8-303,395497906,1716277552,15155,8-303,19.9526,0,0
8-303,395497907,1716277552,15158,8-303,44.6684,0,0
8-303,395497908,1716277552,15158,8-302,17.7828,0,0
8-303,395497913,1716277554,15158,8-302,7.07946,1,0
8-303,395497914,1716277554,15158,8-303,5.01187,2,0
8-303,395497918,1716277556,15164,8-303,3.16228,2,0
8-303,395497919,1716277556,15164,8-303,5.62341,0,0
8-303,395497924,1716277560,15155,8-303,3.54813,2,0
8-303,395497926,1716277560,15155,8-303,14.1254,1,0
8-303,395497928,1716277561,15155,8-303,5.62341,0,0
8-303,395497931,1716277562,15158,8-320,25.1189,1,0
8-303,395497936,1716277564,15164,8-320,50.1187,1,0
8-303,395497942,1716277567,15159,8-303,0.707946,2,0
8-303,395497944,1716277567,15159,8-303,22.3872,1,0
8-303,395497945,1716277567,15159,8-303,44.6684,0,0
8-303,395497948,1716277568,15155,8-320,39.8107,1,0
8-303,395497950,1716277569,15155,8-303,3.54813,2,0
8-303,395497959,1716277572,15164,8-302,15.8489,1,0
8-303,395497961,1716277573,15164,8-303,7.07946,2,0
8-303,395497964,1716277573,15164,8-303,3.54813,1,0
8-303,395497967,1716277574,15159,8-302,25.1189,1,0
8-303,395497968,1716277575,15155,8-302,79.4328,0,0
8-303,395497970,1716277575,15159,8-303,2.23872,2,0
8-303,395497971,1716277575,15155,8-303,10.0,1,0
8-303,395497973,1716277577,15155,8-320,28.1838,1,0
8-303,395497974,1716277577,15155,8-302,56.2341,1,0
8-303,395497975,1716277577,15158,8-302,63.0957,0,0
8-303,395497979,1716277577,15158,8-303,5.01187,2,0
8-303,395497980,1716277577,15158,8-303,56.2341,0,0
8-303,395497982,1716277579,15164,8-303,3.54813,1,0
8-303,395497984,1716277580,15164,8-303,5.62341,0,0
8-303,395497985,1716277580,15164,8-303,8.91251,2,0
8-303,395497987,1716277581,15164,8-320,56.2341,1,0
8-303,395497988,1716277581,15164,8-302,14.1254,1,0
8-303,395497993,1716277583,15155,8-302,63.0957,0,0
8-303,395497994,1716277584,15158,8-303,50.1187,0,0
8-303,395497996,1716277584,15158,8-303,5.01187,1,0
8-303,395497997,1716277584,15155,8-303,3.54813,2,0
8-303,395497999,1716277585,15158,8-302,14.1254,1,0
8-303,395498000,1716277585,15158,8-302,17.7828,0,0
8-303,395498003,1716277588,15164,8-303,3.98107,0,0
8-303,395498004,1716277588,15164,8-303,3.16228,1,0
8-303,395498006,1716277588,15164,8-303,7.94328,2,0
8-303,395498008,1716277589,15164,8-320,44.6684,1,0
8-303,395498009,1716277590,15159,8-303,11.2202,1,0
8-303,395498010,1716277590,15159,8-303,2.23872,2,0
8-303,395498012,1716277591,15155,8-320,50.1187,1,0
8-303,395498013,1716277591,15159,8-320,100.0,1,0
8-303,395498014,1716277592,15155,8-303,19.9526,0,0
8-303,395498016,1716277592,15158,8-303,50.1187,0,0
8-303,395498019,1716277592,15155,8-303,7.07946,2,0
8-303,395498020,1716277592,15158,8-303,6.30957,2,0
8-303,395498022,1716277593,15158,8-320,39.8107,1,0
8-303,395498023,1716277594,15158,8-302,19.9526,0,0
8-303,395498029,1716277598,15159,8-303,44.6684,0,0
8-303,395498032,1716277599,15159,8-303,2.51189,2,0
8-303,395498035,1716277600,15159,8-320,79.4328,1,0
8-303,395498038,1716277601,15155,8-303,11.2202,1,0
8-303,395498039,1716277601,15155,8-303,4.46684,0,0
8-303,395498041,1716277601,15158,8-303,5.01187,2,0
8-303,395498046,1716277604,15164,8-320,50.1187,1,0
8-303,395498048,1716277605,15164,8-303,5.62341,0,0
8-303,395498050,1716277605,15164,8-303,7.07946,1,0
8-303,395498052,1716277605,15164,8-303,8.91251,2,0
8-303,395498055,1716277607,15155,8-303,5.62341,0,0
8-303,395498155,1716277644,15164,8-302,14.1254,1,0
8-303,395498156,1716277644,15164,8-303,7.07946,2,0
8-303,395498160,1716277645,15164,8-303,3.16228,1,0
8-303,395498163,1716277646,15159,8-303,1.99526,2,0
8-303,395498164,1716277647,15155,8-302,44.6684,0,0
8-303,395498166,1716277647,15155,8-303,10.0,1,0
8-303,395498170,1716277649,15155,8-320,50.1187,1,0
8-303,395498171,1716277649,15155,8-303,3.54813,2,0
8-303,395498172,1716277649,15158,8-320,63.0957,1,0
8-303,395498173,1716277649,15158,8-303,10.0,0,0
8-303,395498175,1716277650,15158,8-303,5.01187,1,0
8-303,395498180,1716277652,15164,8-302,79.4328,1,0
8-303,395498183,1716277653,15164,8-303,7.94328,2,0
8-303,395498184,1716277653,15164,8-302,100.0,0,0
8-303,395498187,1716277655,15159,8-320,70.7946,1,0
8-303,395498189,1716277655,15155,8-303,7.07946,2,0
8-303,395498190,1716277655,15159,8-303,2.23872,2,0
8-303,395498191,1716277655,15155,8-303,4.46684,0,0
8-303,395498193,1716277656,15159,8-303,11.2202,1,0
8-303,395498194,1716277656,15158,8-303,5.01187,1,0
8-303,395498196,1716277656,15159,8-302,22.3872,1,0
8-303,395498197,1716277656,15158,8-302,7.07946,1,0
8-303,395498198,1716277657,15158,8-320,25.1189,1,0
8-303,395498200,1716277657,15158,8-303,5.01187,2,0
8-303,395498201,1716277658,15158,8-303,8.91251,0,0
8-303,395498206,1716277661,15164,8-303,7.94328,2,0
8-303,395498210,1716277663,15155,8-320,89.1251,1,0
8-303,395498211,1716277663,15159,8-320,44.6684,1,0
8-303,395498212,1716277663,15155,8-303,8.91251,2,0
8-303,395498213,1716277664,15155,8-302,89.1251,0,0
8-303,395498214,1716277664,15155,8-303,6.30957,0,0
8-303,395498217,1716277665,15155,8-302,12.5893,1,0
8-303,395498222,1716277668,15164,8-303,3.16228,2,0
8-303,395498224,1716277669,15164,8-303,7.07946,1,0
8-303,395498227,1716277672,15155,8-320,50.1187,1,0
8-303,395498229,1716277672,15158,8-303,4.46684,2,0
8-303,395498230,1716277672,15158,8-303,10.0,0,0
8-303,395498233,1716277673,15155,8-303,15.8489,1,0
8-303,395498239,1716277676,15164,8-302,79.4328,0,0
8-303,395498240,1716277676,15164,8-303,7.07946,2,0
8-303,395498241,1716277676,15164,8-303,5.01187,0,0
8-303,395498244,1716277677,15164,8-302,14.1254,1,0
8-303,395498246,1716277677,15164,8-303,6.30957,1,0
8-303,395498249,1716277679,15159,8-303,2.23872,2,0
8-303,395498250,1716277679,15159,8-303,44.6684,0,0
8-303,395498254,1716277679,15159,8-303,12.5893,1,0
8-303,395498255,1716277680,15158,8-302,31.6228,0,0
8-303,395498256,1716277681,15155,8-303,6.30957,0,0
8-303,395498259,1716277681,15155,8-303,3.54813,2,0
8-303,395498261,1716277681,15158,8-302,12.5893,1,0
8-303,395498262,1716277682,15158,8-303,1.58489,1,0
8-303,395498271,1716277687,15155,8-303,19.9526,0,0
8-303,395498276,1716277689,15158,8-303,10.0,0,0
8-303,395498285,1716277692,15164,8-302,12.5893,1,0
8-303,395498288,1716277693,15164,8-303,5.62341,0,0
8-303,395498291,1716277694,15159,8-302,22.3872,1,0
8-303,395498293,1716277695,15155,8-320,25.1189,1,0
8-303,395498295,1716277695,15155,8-303,6.30957,0,0
8-303,395498296,1716277695,15159,8-303,79.4328,0,0
8-303,395498298,1716277696,15155,8-303,6.30957,2,0
8-303,395498299,1716277696,15158,8-303,5.62341,2,0
8-303,395498300,1716277696,15158,8-303,0.891251,1,0
8-303,395498301,1716277696,15155,8-302,17.7828,1,0
8-303,395498303,1716277697,15158,8-320,70.7946,1,0
8-303,395498306,1716277698,15158,8-303,8.91251,0,0
8-303,395498311,1716277700,15164,8-303,5.62341,0,0
8-303,395498313,1716277700,15164,8-303,3.16228,2,0
8-303,395498315,1716277701,15164,8-303,3.54813,1,0
8-303,395498316,1716277701,15164,8-302,141.254,1,0
8-303,395498319,1716277702,15159,8-303,2.51189,2,0
8-303,395498321,1716277703,15159,8-303,8.91251,1,0
8-303,395498324,1716277703,15155,8-320,35.4813,1,0
8-303,395498325,1716277704,15155,8-303,6.30957,0,0
8-303,395498326,1716277704,15158,8-303,39.8107,0,0
8-303,395498327,1716277704,15155,8-303,3.54813,2,0
8-303,395498329,1716277705,15158,8-303,5.01187,1,0
8-303,395498336,1716277709,15164,8-303,8.91251,2,0
8-303,395498338,1716277710,15159,8-303,44.6684,0,0
8-303,395498339,1716277711,15159,8-303,1.0,2,0
8-303,395498341,1716277711,15155,8-303,15.8489,1,0
8-303,395498342,1716277712,15159,8-303,10.0,1,0
8-303,395498345,1716277712,15155,8-320,44.6684,1,0
8-303,395498346,1716277713,15155,8-303,7.07946,0,0
8-303,395498347,1716277713,15158,8-303,10.0,0,0
8-303,395498348,1716277713,15155,8-303,7.94328,2,0
8-303,395498349,1716277713,15158,8-303,4.46684,2,0
8-303,395498350,1716277713,15158,8-302,39.8107,0,0
8-303,395498351,1716277713,15158,8-302,12.5893,1,0
8-303,395498353,1716277714,15158,8-303,1.12202,1,0
8-303,395498358,1716277716,15164,8-320,56.2341,1,0
8-303,395498360,1716277717,15164,8-303,4.46684,0,0
8-303,395498362,1716277717,15164,8-303,3.54813,2,0
8-303,395498366,1716277720,15159,8-303,2.23872,2,0
8-303,395498367,1716277720,15159,8-303,25.1189,1,0
8-303,395498375,1716277724,15164,8-303,7.07946,2,0
8-303,395498380,1716277725,15164,8-303,5.62341,0,0
8-303,395498385,1716277727,15155,8-303,4.46684,0,0
8-303,395498386,1716277728,15159,8-303,79.4328,0,0
8-303,395498482,1716277765,15164,8-303,3.98107,0,0
8-303,395498484,1716277766,15159,8-303,10.0,2,0
8-303,395498489,1716277769,15158,8-303,10.0,1,0
8-303,395498490,1716277769,15158,8-303,19.9526,0,0
8-303,395498492,1716277769,15158,8-320,89.1251,1,0
8-303,395498494,1716277769,15158,8-302,31.6228,1,0
8-303,395498498,1716277772,15164,8-302,14.1254,1,0
8-303,395498500,1716277773,15164,8-303,3.54813,2,0
8-303,395498502,1716277773,15164,8-303,5.01187,1,0
8-303,395498505,1716277775,15159,8-303,7.94328,1,0
8-303,395498509,1716277776,15159,8-320,63.0957,1,0
8-303,395498510,1716277776,15155,8-303,15.8489,0,0
8-303,395498511,1716277776,15159,8-303,17.7828,0,0
8-303,395498512,1716277776,15155,8-302,17.7828,1,0
8-303,395498513,1716277776,15158,8-302,22.3872,1,0
8-303,395498514,1716277777,15155,8-302,112.202,0,0
8-303,395498515,1716277777,15158,8-302,50.1187,0,0
8-303,395498517,1716277777,15158,8-303,3.98107,2,0
8-303,395498524,1716277780,15164,8-320,70.7946,1,0
8-303,395498525,1716277780,15164,8-303,3.98107,0,0
8-303,395498527,1716277781,15164,8-302,70.7946,0,0
8-303,395498529,1716277781,15164,8-303,12.5893,2,0
8-303,395498539,1716277784,15155,8-303,25.1189,0,0
8-303,395498541,1716277786,15158,8-303,7.94328,2,0
8-303,395498545,1716277788,15164,8-303,6.30957,2,0
8-303,395498554,1716277791,15159,8-303,6.30957,0,0
8-303,395498556,1716277791,15155,8-302,39.8107,0,0
8-303,395498558,1716277792,15155,8-303,8.91251,2,0
8-303,395498560,1716277792,15155,8-303,7.07946,1,0
8-303,395498564,1716277793,15155,8-302,8.91251,1,0
8-303,395498565,1716277793,15158,8-302,11.2202,1,0
8-303,395498571,1716277796,15164,8-302,44.6684,0,0
8-303,395498572,1716277796,15164,8-303,11.2202,2,0
8-303,395498573,1716277797,15164,8-303,5.01187,1,0
8-303,395498576,1716277797,15164,8-320,39.8107,1,0
8-303,395498579,1716277797,15164,8-303,7.07946,0,0
8-303,395498583,1716277799,15159,8-303,17.7828,1,0
8-303,395498584,1716277799,15159,8-302,12.5893,1,0
8-303,395498585,1716277799,15155,8-303,2.81838,0,0
8-303,395498586,1716277799,15159,8-303,7.94328,0,0
8-303,395498588,1716277801,15158,8-303,6.30957,2,0
8-303,395498591,1716277802,15158,8-303,6.30957,0,0
8-303,395498594,1716277804,15164,8-302,44.6684,0,0
8-303,395498596,1716277806,15164,8-302,11.2202,1,0
8-303,395498598,1716277807,15155,8-303,25.1189,2,0
8-303,395498599,1716277807,15155,8-303,3.98107,1,0
8-303,395498601,1716277808,15155,8-303,11.2202,0,0
8-303,395498602,1716277808,15158,8-303,7.07946,0,0
8-303,395498603,1716277808,15155,8-302,50.1187,0,0
8-303,395498607,1716277809,15158,8-303,10.0,2,0
8-303,395498608,1716277810,15158,8-302,5.62341,1,0
8-303,395498614,1716277812,15164,8-302,10.0,1,0
8-303,395498616,1716277812,15164,8-302,22.3872,0,0
8-303,395498617,1716277812,15164,8-303,15.8489,0,0
8-303,395498619,1716277814,15159,8-303,25.1189,0,0
8-303,395498620,1716277816,15155,8-303,19.9526,2,0
8-303,395498621,1716277816,15159,8-303,12.5893,2,0
8-303,395498622,1716277816,15159,8-302,14.1254,1,0
8-303,395498623,1716277816,15155,8-303,2.81838,0,0
8-303,395498631,1716277820,15164,8-302,6.30957,1,0
8-303,395498633,1716277820,15164,8-303,3.98107,2,0
8-303,395498634,1716277821,15164,8-303,10.0,0,0
8-303,395498639,1716277823,15159,8-303,19.9526,0,0
8-303,395498642,1716277824,15158,8-303,15.8489,1,0
8-303,395498645,1716277824,15158,8-302,17.7828,1,0
8-303,395498646,1716277824,15155,8-302,44.6684,0,0
8-303,395498648,1716277825,15158,8-303,44.6684,2,0
8-303,395498649,1716277825,15158,8-303,4.46684,0,0
8-303,395498656,1716277829,15164,8-302,19.9526,1,0
8-303,395498657,1716277829,15164,8-302,50.1187,0,0
8-303,395498659,1716277829,15164,8-320,70.7946,1,0
8-303,395498660,1716277829,15164,8-303,6.30957,2,0
8-303,395498661,1716277829,15164,8-303,35.4813,0,0
8-303,395498663,1716277831,15159,8-303,1.41254,1,0
8-303,395498664,1716277831,15159,8-302,63.0957,0,0
8-303,395498666,1716277831,15155,8-303,15.8489,0,0
8-303,395498669,1716277833,15155,8-303,0.891251,1,0
8-303,395498670,1716277833,15158,8-303,0.354813,1,0
8-303,395498671,1716277833,15158,8-302,14.1254,1,0
8-303,395498672,1716277833,15158,8-302,56.2341,0,0
8-303,395498674,1716277833,15158,8-320,35.4813,1,0
8-303,395498676,1716277833,15158,8-303,5.62341,2,0
8-303,395498678,1716277834,15158,8-303,22.3872,0,0
8-303,395498684,1716277837,15164,8-302,50.1187,0,0
8-303,395498686,1716277837,15164,8-303,0.501187,1,0
8-303,395498689,1716277839,15155,8-302,11.2202,1,0
8-303,395498690,1716277839,15155,8-303,0.630957,1,0
8-303,395498692,1716277839,15155,8-320,35.4813,1,0
8-303,395498693,1716277839,15155,8-303,10.0,2,0
8-303,395498695,1716277840,15155,8-303,12.5893,0,0
8-303,395498696,1716277840,15158,8-303,11.2202,0,0
8-303,395498698,1716277841,15158,8-302,44.6684,0,0
8-303,395498700,1716277841,15158,8-302,19.9526,1,0
8-303,395498703,1716277842,15158,8-303,0.398107,1,0
8-303,395498704,1716277842,15158,8-320,44.6684,1,0
