label,8-302-0,8-302-1,8-303-0,8-303-1,8-303-2
8-303,79.4328,100.0,11.2202,4.648516666666667,10.0
8-303,100.0,100.0,100.0,4.46684,100.0
8-303,100.0,100.0,100.0,2.81838,100.0
8-303,100.0,100.0,100.0,2.81838,8.91251
8-303,100.0,100.0,100.0,4.220895,8.91251
8-303,100.0,25.1189,100.0,4.220895,8.91251
8-303,100.0,25.1189,14.1254,4.220895,8.91251
8-303,100.0,25.1189,14.1254,3.8680233333333334,8.91251
8-303,100.0,63.0957,100.0,3.16228,100.0
8-303,100.0,63.0957,100.0,4.3928449999999994,100.0
8-303,100.0,63.0957,100.0,4.3928449999999994,100.0
8-303,100.0,45.63975,100.0,5.62341,100.0
8-303,100.0,100.0,50.1187,100.0,100.0
8-303,100.0,100.0,50.1187,100.0,8.91251
8-303,100.0,100.0,50.1187,2.81838,8.91251
8-303,100.0,100.0,50.1187,4.220895,8.91251
8-303,100.0,100.0,31.354,4.220895,8.91251
8-303,100.0,100.0,31.354,4.220895,8.91251
8-303,100.0,100.0,12.5893,5.62341,8.91251
8-303,100.0,70.7946,12.5893,5.62341,8.91251
8-303,63.0957,70.7946,12.5893,5.62341,8.91251
8-303,63.0957,70.7946,50.1187,100.0,8.91251
8-303,63.0957,70.7946,50.1187,100.0,8.427895
8-303,63.0957,70.7946,50.1187,5.62341,8.427895
8-303,100.0,100.0,50.1187,5.96649,7.94328
8-303,100.0,100.0,100.0,6.30957,100.0
8-303,100.0,100.0,100.0,6.30957,10.0
8-303,100.0,100.0,100.0,2.81838,100.0
8-303,100.0,31.6228,100.0,2.81838,100.0
8-303,100.0,31.6228,100.0,2.81838,8.91251
8-303,100.0,31.6228,50.1187,2.81838,8.91251
8-303,100.0,31.6228,50.1187,3.6426100000000003,8.91251
8-303,100.0,31.6228,50.1187,3.6426100000000003,8.91251
8-303,100.0,31.6228,50.1187,4.09903,8.91251
8-303,100.0,35.71675,50.1187,4.09903,8.91251
8-303,100.0,39.8107,100.0,5.31764,100.0
8-303,100.0,39.8107,100.0,5.31764,22.3872
8-303,88.00585,39.8107,100.0,5.31764,22.3872
8-303,50.1187,100.0,12.5893,5.62341,22.3872
8-303,50.1187,100.0,12.5893,5.62341,15.649854999999999
8-303,50.1187,100.0,12.5893,5.62341,15.649854999999999
8-303,100.0,100.0,12.5893,100.0,9.456254999999999
8-303,100.0,100.0,12.5893,100.0,9.456254999999999
8-303,100.0,100.0,12.5893,100.0,9.456254999999999
8-303,100.0,100.0,12.5893,3.98107,9.456254999999999
8-303,100.0,100.0,12.5893,3.98107,9.456254999999999
8-303,100.0,100.0,12.5893,3.98107,9.456254999999999
8-303,100.0,100.0,12.5893,3.98107,8.91251
8-303,100.0,100.0,12.5893,3.98107,7.2679599999999995
8-303,100.0,100.0,12.5893,4.223955,7.2679599999999995
8-303,100.0,100.0,17.48825,4.223955,7.2679599999999995
8-303,100.0,100.0,100.0,100.0,100.0
8-303,100.0,100.0,100.0,100.0,3.16228
8-303,100.0,35.4813,100.0,100.0,3.16228
8-303,100.0,35.4813,12.5893,100.0,3.16228
8-303,100.0,35.4813,12.5893,100.0,3.3552049999999998
8-303,100.0,25.6651,12.5893,100.0,3.3552049999999998
8-303,100.0,25.6651,10.750905,100.0,3.3552049999999998
8-303,100.0,25.483033333333335,10.750905,100.0,3.3552049999999998
8-303,100.0,20.4839,8.91251,100.0,3.54813
8-303,100.0,20.4839,18.548155,100.0,3.54813
8-303,100.0,20.4839,18.548155,100.0,3.54813
8-303,100.0,25.1189,18.548155,100.0,4.92885
8-303,100.0,25.1189,16.561870000000003,100.0,4.92885
8-303,100.0,100.0,20.38655,2.51189,4.92885
8-303,100.0,100.0,20.38655,2.51189,4.92885
8-303,100.0,100.0,12.5893,2.51189,6.30957
8-303,100.0,100.0,12.5893,2.51189,100.0
8-303,100.0,100.0,12.5893,2.51189,7.94328
8-303,100.0,100.0,12.5893,5.2275849999999995,7.94328
8-303,100.0,100.0,12.5893,5.2275849999999995,7.94328
8-303,100.0,100.0,12.5893,5.2275849999999995,7.94328
8-303,100.0,100.0,12.5893,5.2275849999999995,5.38083
8-303,100.0,100.0,12.5893,7.94328,5.38083
8-303,100.0,100.0,12.5893,7.94328,5.38083
8-303,100.0,100.0,100.0,100.0,3.16228
8-303,100.0,100.0,100.0,100.0,3.16228
8-303,100.0,100.0,100.0,3.16228,3.16228
8-303,100.0,100.0,8.91251,3.16228,3.16228
8-303,100.0,14.1254,8.91251,3.16228,3.16228
8-303,100.0,14.1254,8.91251,3.16228,2.99033
8-303,100.0,14.1254,8.91251,2.837085,2.99033
8-303,100.0,14.1254,8.91251,2.728686666666667,2.99033
8-303,100.0,14.1254,9.456254999999999,2.728686666666667,2.99033
8-303,100.0,13.35735,9.456254999999999,2.728686666666667,2.99033
8-303,100.0,13.35735,9.456254999999999,2.728686666666667,4.96439
8-303,100.0,12.5893,10.0,2.51189,5.865444999999999
8-303,100.0,12.5893,10.0,2.51189,5.865444999999999
8-303,100.0,12.5893,10.0,2.51189,8.91251
8-303,100.0,12.5893,10.0,2.51189,8.91251
8-303,100.0,12.5893,10.0,4.322353333333333,8.91251
8-303,100.0,12.5893,12.0627,4.322353333333333,8.91251
8-303,100.0,16.27095,12.0627,4.322353333333333,8.91251
8-303,100.0,19.9526,11.518955,5.2275849999999995,100.0
8-303,100.0,19.9526,11.518955,5.2275849999999995,100.0
8-303,100.0,19.9526,11.518955,5.2275849999999995,3.98107
8-303,100.0,19.9526,11.518955,4.322353333333333,3.98107
8-303,100.0,19.9526,17.073903333333334,5.2275849999999995,3.98107
8-303,100.0,100.0,18.548155,2.51189,3.98107
8-303,100.0,100.0,16.561870000000003,2.51189,3.98107
8-303,100.0,100.0,16.561870000000003,2.837085,3.98107
8-303,100.0,100.0,16.561870000000003,2.837085,3.399725
8-303,100.0,44.6684,12.5893,3.16228,2.81838
8-303,100.0,44.6684,20.38655,3.16228,2.81838
8-303,100.0,44.6684,20.38655,3.16228,2.81838
8-303,100.0,44.6684,20.38655,3.16228,3.399725
8-303,100.0,100.0,100.0,100.0,3.54813
8-303,100.0,17.7828,100.0,100.0,3.54813
8-303,70.7946,17.7828,100.0,100.0,3.54813
8-303,70.7946,17.7828,100.0,2.51189,3.54813
8-303,70.7946,17.7828,10.0,2.51189,3.54813
8-303,70.7946,17.7828,10.0,2.51189,3.54813
8-303,100.0,100.0,1.99526,100.0,100.0
8-303,100.0,100.0,1.99526,100.0,14.1254
8-303,100.0,56.2341,1.99526,100.0,14.1254
8-303,100.0,39.310649999999995,1.99526,100.0,14.1254
8-303,100.0,39.310649999999995,5.99763,100.0,14.1254
8-303,100.0,39.310649999999995,5.99763,11.2202,14.1254
8-303,100.0,32.85796666666666,5.99763,11.2202,14.1254
8-303,100.0,32.85796666666666,5.99763,11.2202,11.03434
8-303,100.0,21.1699,9.456254999999999,11.2202,7.94328
8-303,100.0,21.1699,9.456254999999999,11.2202,7.94328
8-303,100.0,21.1699,9.456254999999999,11.2202,8.427895
8-303,100.0,19.9526,7.995984999999999,100.0,8.427895
8-303,100.0,100.0,7.995984999999999,100.0,7.995984999999999
8-303,100.0,100.0,7.978416666666665,100.0,7.995984999999999
8-303,100.0,50.1187,7.978416666666665,100.0,7.995984999999999
8-303,100.0,50.1187,7.511369999999999,100.0,6.694515
8-303,100.0,50.1187,7.978416666666665,100.0,6.694515
8-303,100.0,50.1187,7.978416666666665,5.62341,6.694515
8-303,100.0,37.6188,7.978416666666665,5.62341,6.694515
8-303,100.0,100.0,12.5893,100.0,100.0
8-303,100.0,100.0,12.5893,100.0,100.0
8-303,100.0,100.0,12.5893,100.0,8.91251
8-303,100.0,100.0,12.5893,15.8489,8.91251
8-303,100.0,28.1838,12.5893,15.8489,8.91251
8-303,100.0,28.1838,11.90475,15.8489,8.91251
8-303,100.0,28.1838,11.90475,15.8489,8.91251
8-303,100.0,100.0,11.2202,15.8489,7.07946
8-303,100.0,19.9526,11.2202,15.8489,7.07946
8-303,100.0,19.9526,9.58174,15.8489,7.07946
8-303,100.0,19.9526,9.58174,15.8489,7.07946
8-303,100.0,19.9526,7.511369999999999,100.0,7.07946
8-303,100.0,19.9526,7.511369999999999,100.0,7.511369999999999
8-303,100.0,19.9526,7.978416666666665,100.0,7.511369999999999
8-303,100.0,19.9526,7.978416666666665,15.8489,7.511369999999999
8-303,100.0,19.9526,7.978416666666665,15.8489,7.11077
8-303,100.0,100.0,7.995984999999999,15.8489,6.85414
8-303,100.0,100.0,7.995984999999999,15.8489,6.85414
8-303,100.0,100.0,8.301493333333333,15.8489,6.85414
8-303,100.0,100.0,8.301493333333333,15.8489,6.85414
8-303,100.0,31.6228,8.301493333333333,15.8489,6.85414
8-303,100.0,31.6228,8.91251,15.8489,6.30957
8-303,100.0,31.6228,9.68174,15.8489,6.30957
8-303,100.0,100.0,10.6101,100.0,6.30957
8-303,100.0,100.0,10.0,100.0,100.0
8-303,100.0,100.0,10.0,100.0,6.30957
8-303,100.0,100.0,8.53973,100.0,6.30957
8-303,100.0,100.0,8.53973,100.0,6.30957
8-303,100.0,100.0,11.2202,100.0,100.0
8-303,100.0,19.9526,11.2202,100.0,100.0
8-303,100.0,19.9526,11.2202,100.0,6.30957
8-303,100.0,19.9526,11.2202,100.0,6.694515
8-303,100.0,19.9526,11.2202,100.0,6.694515
8-303,100.0,19.9526,11.2202,4.46684,6.694515
8-303,100.0,27.716949999999997,11.2202,4.46684,6.694515
8-303,100.0,27.716949999999997,11.2202,4.46684,6.694515
8-303,100.0,35.4813,11.2202,4.46684,7.511369999999999
8-303,100.0,35.4813,9.58174,4.46684,7.511369999999999
8-303,100.0,27.716949999999997,9.58174,4.46684,7.511369999999999
8-303,100.0,27.716949999999997,9.58174,10.15787,7.511369999999999
8-303,100.0,19.9526,7.94328,15.8489,7.94328
8-303,100.0,100.0,7.94328,100.0,6.30957
8-303,100.0,100.0,7.511369999999999,100.0,6.30957
8-303,100.0,100.0,7.511369999999999,100.0,7.126424999999999
8-303,100.0,100.0,7.511369999999999,17.7828,7.126424999999999
8-303,100.0,19.9526,7.511369999999999,17.7828,7.126424999999999
8-303,100.0,19.9526,7.07946,17.7828,7.126424999999999
8-303,100.0,19.9526,9.14983,17.7828,7.126424999999999
8-303,100.0,19.9526,9.14983,17.7828,7.511369999999999
8-303,100.0,19.9526,9.14983,17.7828,7.511369999999999
8-303,100.0,19.9526,8.747646666666666,17.7828,7.511369999999999
8-303,100.0,44.6684,9.58174,17.7828,7.07946
8-303,100.0,100.0,100.0,100.0,11.2202
8-303,100.0,100.0,31.6228,100.0,11.2202
8-303,100.0,100.0,20.267655,100.0,11.2202
8-303,100.0,17.7828,20.267655,100.0,11.2202
8-303,89.1251,17.7828,8.91251,100.0,100.0
8-303,89.1251,17.7828,7.995984999999999,100.0,100.0
8-303,89.1251,17.7828,7.995984999999999,100.0,100.0
8-303,76.1104,17.7828,7.07946,100.0,100.0
8-303,76.1104,17.7828,9.83438,100.0,100.0
8-303,63.0957,100.0,11.90475,100.0,100.0
8-303,63.0957,35.4813,11.90475,100.0,100.0
8-303,63.0957,35.4813,11.90475,19.9526,100.0
8-303,100.0,100.0,12.5893,100.0,100.0
8-303,100.0,100.0,12.5893,100.0,12.5893
8-303,100.0,100.0,12.5893,15.8489,12.5893
8-303,70.7946,100.0,12.5893,15.8489,12.5893
8-303,100.0,17.7828,100.0,100.0,100.0
8-303,100.0,17.7828,100.0,17.7828,100.0
8-303,100.0,17.7828,14.1254,17.7828,100.0
8-303,70.7946,17.7828,14.1254,17.7828,100.0
8-303,70.7946,17.7828,11.03434,17.7828,100.0
8-303,100.0,15.8489,100.0,100.0,100.0
8-303,70.7946,15.8489,100.0,100.0,100.0
8-303,70.7946,15.8489,100.0,7.07946,100.0
8-303,70.7946,15.8489,100.0,7.07946,12.5893
8-303,70.7946,15.8489,100.0,7.07946,12.5893
8-303,70.7946,15.8489,100.0,7.07946,12.5893
8-303,70.7946,15.8489,100.0,7.07946,12.5893
8-303,70.7946,15.8489,100.0,7.07946,11.90475
8-303,100.0,15.8489,11.2202,7.07946,11.90475
8-303,100.0,15.8489,11.2202,7.07946,11.90475
8-303,100.0,15.8489,12.6728,7.07946,11.90475
8-303,100.0,100.0,100.0,19.9526,100.0
8-303,100.0,100.0,12.5893,19.9526,100.0
8-303,100.0,100.0,12.5893,19.9526,12.5893
8-303,70.7946,100.0,12.5893,19.9526,12.5893
8-303,70.7946,100.0,12.5893,13.94794,12.5893
8-303,70.7946,15.8489,12.5893,13.94794,12.5893
8-303,70.7946,15.8489,9.83438,13.94794,12.5893
8-303,66.94515,15.8489,9.83438,13.94794,12.5893
8-303,66.94515,15.8489,9.83438,11.946386666666667,12.5893
8-303,66.94515,15.8489,10.752686666666667,11.946386666666667,12.5893
8-303,63.0957,15.8489,9.204013333333334,7.94328,100.0
8-303,63.0957,100.0,11.040626666666666,7.94328,100.0
8-303,63.0957,50.1187,11.040626666666666,7.94328,100.0
8-303,63.0957,50.1187,11.040626666666666,13.94794,100.0
8-303,100.0,50.1187,10.26629,17.900750000000002,100.0
8-303,100.0,50.1187,11.040626666666666,17.900750000000002,100.0
8-303,100.0,100.0,12.5893,15.8489,100.0
8-303,100.0,100.0,12.5893,12.380704999999999,100.0
8-303,100.0,100.0,12.5893,10.066355,100.0
8-303,100.0,100.0,24.0353,10.066355,100.0
8-303,100.0,100.0,24.0353,10.066355,3.98107
8-303,100.0,14.1254,24.0353,10.066355,3.98107
8-303,25.1189,14.1254,24.0353,10.066355,3.98107
8-303,25.1189,14.1254,18.383353333333332,10.066355,3.98107
8-303,25.1189,14.1254,21.280379999999997,11.2202,3.571675
8-303,25.1189,14.98715,21.280379999999997,11.2202,3.571675
8-303,28.1838,100.0,100.0,100.0,100.0
8-303,28.1838,7.94328,100.0,100.0,100.0
8-303,29.9033,7.94328,100.0,100.0,100.0
8-303,29.9033,7.94328,3.54813,100.0,100.0
8-303,29.9033,7.94328,3.54813,100.0,3.98107
8-303,29.9033,7.94328,3.54813,5.62341,3.98107
8-303,29.9033,7.94328,3.54813,5.62341,3.98107
8-303,24.644000000000002,7.94328,3.54813,5.62341,3.98107
8-303,24.644000000000002,7.94328,3.54813,5.62341,3.98107
8-303,24.644000000000002,7.94328,3.54813,5.62341,3.98107
8-303,24.644000000000002,7.94328,3.54813,5.62341,3.98107
8-303,14.1254,7.94328,3.54813,100.0,100.0
8-303,14.1254,7.94328,3.54813,100.0,100.0
8-303,14.1254,7.94328,3.7645999999999997,100.0,100.0
8-303,31.6228,7.94328,3.98107,100.0,100.0
8-303,31.6228,7.94328,5.530265,100.0,100.0
8-303,31.6228,11.03434,5.530265,100.0,100.0
8-303,31.6228,11.03434,5.530265,100.0,100.0
8-303,31.6228,11.03434,5.530265,100.0,7.07946
8-303,22.874100000000002,11.03434,5.530265,100.0,7.07946
8-303,22.874100000000002,14.1254,7.07946,100.0,7.511369999999999
8-303,14.1254,14.1254,5.530265,100.0,7.511369999999999
8-303,100.0,12.5893,3.98107,100.0,7.94328
8-303,100.0,12.5893,3.98107,100.0,5.962175
8-303,100.0,12.5893,3.98107,100.0,5.962175
8-303,100.0,7.07946,100.0,100.0,100.0
8-303,100.0,7.07946,100.0,3.16228,100.0
8-303,100.0,7.07946,100.0,3.16228,100.0
8-303,100.0,7.07946,100.0,3.16228,5.01187
8-303,35.4813,7.07946,100.0,3.16228,5.01187
8-303,35.4813,7.07946,4.46684,3.16228,5.01187
8-303,35.4813,7.07946,4.46684,3.16228,4.739355
8-303,35.4813,7.07946,4.46684,3.16228,4.739355
8-303,35.4813,7.07946,4.46684,3.81456,4.739355
8-303,35.4813,7.07946,5.77315,3.81456,4.739355
8-303,35.4813,7.07946,6.496526666666667,3.81456,4.739355
8-303,35.4813,7.07946,6.496526666666667,3.81456,4.4865933333333325
8-303,35.4813,7.07946,6.496526666666667,4.213663333333334,4.4865933333333325
8-303,28.1838,7.07946,7.511369999999999,4.739355,4.223955
8-303,28.1838,100.0,5.962175,5.01187,3.98107
8-303,100.0,100.0,3.98107,100.0,100.0
8-303,100.0,100.0,3.98107,10.0,100.0
8-303,100.0,100.0,3.98107,10.0,100.0
8-303,100.0,100.0,3.98107,10.0,3.54813
8-303,100.0,10.0,3.98107,10.0,3.54813
8-303,100.0,10.0,5.14532,10.0,3.54813
8-303,100.0,10.6101,5.14532,10.0,3.54813
8-303,100.0,10.6101,6.30957,8.91251,3.54813
8-303,100.0,100.0,100.0,3.98107,100.0
8-303,12.5893,100.0,100.0,3.98107,100.0
8-303,12.5893,100.0,7.07946,3.98107,100.0
8-303,12.5893,100.0,7.07946,3.98107,4.46684
8-303,12.5893,100.0,5.530265,3.98107,4.46684
8-303,12.5893,100.0,5.530265,3.98107,5.77315
8-303,12.5893,7.94328,5.530265,3.98107,5.77315
8-303,12.5893,7.94328,5.530265,5.962175,5.77315
8-303,22.10605,7.94328,5.530265,5.962175,5.77315
8-303,22.10605,7.94328,5.530265,4.721023333333334,5.77315
8-303,19.445833333333333,7.94328,5.530265,4.721023333333334,5.77315
8-303,25.790333333333336,7.94328,3.98107,5.090999999999999,7.07946
8-303,25.790333333333336,7.94328,3.98107,7.134066666666667,7.07946
8-303,25.790333333333336,7.94328,3.98107,7.134066666666667,7.07946
8-303,25.790333333333336,7.94328,3.98107,7.134066666666667,7.07946
8-303,22.874100000000002,17.7828,3.98107,6.7294599999999996,100.0
8-303,22.874100000000002,17.7828,3.571675,6.7294599999999996,100.0
8-303,31.6228,17.7828,3.571675,11.2202,6.30957
8-303,29.9033,17.7828,3.571675,11.2202,6.30957
8-303,29.9033,17.7828,3.571675,6.7294599999999996,6.30957
8-303,29.9033,17.7828,4.255586666666667,6.7294599999999996,6.30957
8-303,28.1838,17.7828,4.3928449999999994,2.23872,6.30957
8-303,28.1838,100.0,5.62341,2.23872,6.30957
8-303,28.1838,100.0,5.31764,2.23872,6.30957
8-303,28.1838,25.1189,5.31764,2.23872,6.30957
8-303,28.1838,25.1189,5.31764,2.23872,7.126424999999999
8-303,28.1838,25.1189,5.31764,4.1402399999999995,7.126424999999999
8-303,64.0919,25.1189,5.31764,4.1402399999999995,7.126424999999999
8-303,100.0,25.1189,5.01187,5.090999999999999,8.97164
8-303,100.0,25.1189,6.477575,5.090999999999999,8.97164
8-303,100.0,25.1189,6.477575,5.090999999999999,8.97164
8-303,100.0,25.1189,6.477575,11.766966666666667,8.97164
8-303,100.0,25.1189,6.678203333333333,16.53109,8.97164
8-303,100.0,25.1189,6.678203333333333,16.53109,8.97164
8-303,100.0,100.0,7.511369999999999,25.1189,10.0
8-303,100.0,100.0,7.511369999999999,18.16955,10.0
8-303,100.0,100.0,19.9526,100.0,100.0
8-303,100.0,100.0,19.9526,100.0,3.54813
8-303,100.0,100.0,19.9526,11.2202,3.54813
8-303,100.0,14.1254,19.9526,11.2202,3.54813
8-303,100.0,14.1254,19.9526,11.2202,6.774065
8-303,89.1251,14.1254,19.9526,11.2202,6.774065
8-303,69.6219,14.1254,19.9526,11.2202,6.774065
8-303,69.6219,14.1254,19.9526,12.6728,6.774065
8-303,69.6219,14.1254,100.0,14.1254,8.97164
8-303,69.6219,14.1254,22.3872,14.1254,8.97164
8-303,50.1187,100.0,14.73333,14.1254,7.94328
8-303,50.1187,100.0,14.73333,14.1254,7.94328
8-303,47.39355,100.0,14.73333,14.1254,7.94328
8-303,47.39355,35.4813,14.73333,14.1254,7.94328
8-303,47.39355,35.4813,14.73333,14.1254,5.745705
8-303,44.6684,35.4813,11.311166666666667,100.0,5.745705
8-303,44.6684,35.4813,11.311166666666667,100.0,5.745705
8-303,44.6684,35.4813,5.77315,10.0,3.54813
8-303,44.6684,35.4813,5.77315,10.0,3.54813
8-303,44.6684,35.4813,11.311166666666667,10.0,3.54813
8-303,44.6684,35.4813,11.311166666666667,10.0,5.313795
8-303,100.0,100.0,13.42702,10.0,7.07946
8-303,56.2341,100.0,22.3872,10.0,7.07946
8-303,56.2341,100.0,100.0,14.1254,100.0
8-303,100.0,100.0,100.0,100.0,3.54813
8-303,100.0,100.0,100.0,15.8489,3.54813
8-303,70.7946,100.0,100.0,15.8489,3.54813
8-303,70.7946,100.0,100.0,15.8489,4.92885
8-303,70.7946,100.0,100.0,15.8489,4.92885
8-303,70.7946,100.0,19.9526,15.8489,4.92885
8-303,70.7946,100.0,19.9526,15.8489,4.92885
8-303,70.7946,100.0,19.9526,15.8489,4.612923333333334
8-303,70.7946,100.0,19.9526,15.2744,4.612923333333334
8-303,100.0,100.0,13.51603,14.98715,5.14532
8-303,100.0,100.0,13.51603,14.6999,5.14532
8-303,100.0,100.0,13.51603,14.6999,5.14532
8-303,100.0,50.1187,13.51603,14.6999,5.14532
8-303,100.0,50.1187,13.51603,14.6999,6.077973333333333
8-303,63.0957,50.1187,13.51603,14.6999,6.077973333333333
8-303,63.0957,50.1187,13.51603,14.1254,5.962175
8-303,63.0957,50.1187,7.07946,14.1254,5.745705
8-303,63.0957,50.1187,7.07946,13.35735,5.745705
8-303,100.0,100.0,100.0,12.5893,3.54813
8-303,89.1251,100.0,100.0,12.5893,3.54813
8-303,89.1251,100.0,4.46684,12.5893,3.54813
8-303,89.1251,100.0,4.46684,12.5893,3.54813
8-303,100.0,100.0,4.46684,12.5893,3.54813
8-303,100.0,14.1254,4.46684,12.5893,3.54813
8-303,100.0,14.1254,4.46684,14.1254,100.0
8-303,100.0,14.1254,4.46684,14.1254,100.0
8-303,100.0,14.1254,4.46684,14.1254,7.94328
8-303,100.0,14.1254,4.46684,14.1254,7.94328
8-303,100.0,14.1254,4.46684,14.1254,7.511369999999999
8-303,100.0,14.1254,4.46684,14.1254,7.511369999999999
8-303,100.0,100.0,4.46684,14.1254,7.511369999999999
8-303,100.0,100.0,22.3872,100.0,100.0
8-303,100.0,100.0,22.3872,100.0,100.0
8-303,100.0,100.0,22.3872,100.0,3.98107
8-303,100.0,17.7828,22.3872,100.0,3.98107
8-303,50.1187,17.7828,22.3872,100.0,3.98107
8-303,50.1187,17.7828,22.3872,100.0,5.962175
8-303,50.1187,17.7828,22.3872,100.0,5.962175
8-303,50.1187,100.0,100.0,100.0,7.94328
8-303,50.1187,100.0,100.0,100.0,7.511369999999999
8-303,50.1187,100.0,100.0,14.1254,7.511369999999999
8-303,50.1187,100.0,19.9526,14.1254,7.511369999999999
8-303,100.0,100.0,19.9526,14.1254,6.19029
8-303,100.0,100.0,19.9526,14.1254,6.19029
8-303,100.0,100.0,12.788005,14.1254,6.19029
8-303,100.0,100.0,12.788005,14.1254,5.313795
8-303,100.0,100.0,12.788005,14.1254,4.72524
8-303,79.4328,100.0,5.62341,14.1254,3.54813
8-303,79.4328,100.0,5.62341,12.0627,3.54813
8-303,79.4328,56.2341,5.62341,12.0627,3.54813
8-303,79.4328,56.2341,5.62341,12.0627,3.54813
8-303,71.26425,56.2341,100.0,10.0,3.54813
8-303,71.26425,56.2341,100.0,10.0,3.54813
8-303,71.26425,56.2341,100.0,10.0,3.54813
8-303,71.26425,56.2341,19.9526,10.0,3.54813
8-303,71.26425,56.2341,19.9526,10.0,5.313795
8-303,63.0957,100.0,19.9526,11.2202,5.313795
8-303,63.0957,100.0,12.20972,11.2202,5.313795
8-303,100.0,100.0,10.014283333333333,11.2202,7.07946
8-303,44.6684,100.0,100.0,100.0,100.0
8-303,44.6684,100.0,100.0,10.0,100.0
8-303,44.6684,100.0,100.0,10.0,100.0
8-303,44.6684,100.0,100.0,10.0,3.54813
8-303,44.6684,100.0,4.46684,10.0,3.54813
8-303,44.6684,100.0,4.46684,10.0,5.313795
8-303,44.6684,100.0,4.46684,10.0,5.313795
8-303,44.6684,100.0,4.46684,10.0,6.513366666666666
8-303,66.89675,100.0,4.46684,10.0,6.513366666666666
8-303,66.89675,100.0,5.388205,10.0,6.513366666666666
8-303,66.89675,12.5893,5.388205,10.0,6.513366666666666
8-303,89.1251,12.5893,5.388205,100.0,7.995984999999999
8-303,89.1251,12.5893,5.388205,15.8489,7.995984999999999
8-303,89.1251,12.5893,6.30957,15.8489,8.91251
8-303,89.1251,12.5893,6.30957,15.8489,6.23032
8-303,100.0,100.0,13.131085,15.8489,3.54813
8-303,100.0,100.0,13.131085,100.0,3.54813
8-303,100.0,100.0,10.857246666666667,100.0,3.54813
8-303,100.0,17.7828,10.857246666666667,100.0,3.54813
8-303,100.0,17.7828,10.857246666666667,100.0,4.92885
8-303,100.0,17.7828,13.131085,100.0,6.30957
8-303,100.0,17.7828,10.857246666666667,100.0,6.30957
8-303,100.0,17.7828,10.857246666666667,100.0,4.92885
8-303,100.0,17.7828,6.30957,15.8489,4.92885
8-303,100.0,17.7828,6.30957,15.8489,4.92885
8-303,100.0,17.7828,6.566199999999999,15.8489,4.92885
8-303,100.0,17.7828,6.566199999999999,15.8489,5.93366
8-303,100.0,100.0,5.77315,15.8489,7.94328
8-303,100.0,100.0,15.8489,100.0,100.0
8-303,100.0,17.7828,15.8489,100.0,100.0
8-303,100.0,17.7828,15.8489,100.0,100.0
8-303,100.0,17.7828,20.4839,100.0,100.0
8-303,76.00635,17.7828,20.4839,100.0,100.0
8-303,76.00635,17.7828,20.4839,100.0,8.91251
8-303,76.00635,17.7828,20.4839,7.07946,8.91251
8-303,76.00635,13.347655,20.4839,7.07946,8.91251
8-303,39.8107,8.91251,13.96864,7.07946,8.91251
8-303,39.8107,8.91251,2.81838,7.07946,17.015705
8-303,39.8107,8.91251,2.81838,5.530265,17.015705
8-303,39.8107,8.91251,7.01929,5.530265,17.015705
8-303,44.96469999999999,8.91251,7.01929,5.530265,17.015705
8-303,50.1187,100.0,7.01929,3.98107,22.53575
8-303,50.1187,100.0,5.618986666666667,3.98107,22.53575
8-303,47.39355,100.0,7.01929,3.98107,22.53575
8-303,44.6684,100.0,9.33364,100.0,19.9526
8-303,44.6684,100.0,9.33364,0.891251,19.9526
8-303,44.6684,100.0,15.8489,0.891251,100.0
8-303,44.6684,100.0,15.8489,0.891251,10.0
8-303,44.6684,11.2202,15.8489,0.891251,10.0
8-303,44.6684,11.2202,15.8489,0.761104,10.0
8-303,44.6684,11.2202,14.219100000000001,0.761104,10.0
8-303,44.6684,24.361604999999997,100.0,5.96649,1.12202
8-303,44.6684,39.8107,100.0,5.96649,1.12202
8-303,44.6684,39.8107,100.0,5.96649,0.784352
8-303,44.6684,39.8107,19.9526,6.30957,0.446684
8-303,44.6684,39.8107,19.9526,6.30957,0.446684
8-303,44.6684,26.968049999999998,19.9526,6.30957,0.446684
8-303,100.0,14.1254,19.9526,6.30957,0.446684
8-303,100.0,14.1254,19.9526,6.30957,0.446684
8-303,100.0,14.1254,19.9526,5.6607199999999995,0.446684
8-303,100.0,14.98715,19.9526,5.6607199999999995,0.446684
8-303,100.0,14.98715,19.9526,5.31764,0.446684
8-303,100.0,17.453833333333332,19.9526,5.31764,0.446684
8-303,100.0,17.453833333333332,13.94794,5.31764,0.446684
8-303,100.0,17.453833333333332,13.94794,5.31764,0.8528020000000001
8-303,100.0,17.453833333333332,13.94794,5.31764,0.8528020000000001
8-303,100.0,19.11805,7.94328,5.4195633333333335,0.8528020000000001
8-303,100.0,22.3872,7.94328,5.62341,1.25892
8-303,100.0,15.16524,7.94328,5.62341,1.25892
8-303,100.0,15.16524,7.94328,5.4195633333333335,1.25892
8-303,100.0,7.94328,100.0,5.31764,1.25892
8-303,100.0,7.94328,100.0,5.6607199999999995,1.25892
8-303,100.0,12.863040000000002,100.0,5.6607199999999995,1.25892
8-303,100.0,8.91251,100.0,100.0,100.0
8-303,100.0,8.91251,100.0,10.0,100.0
8-303,100.0,8.91251,100.0,10.0,100.0
8-303,100.0,8.91251,100.0,10.0,3.16228
8-303,100.0,8.91251,7.94328,10.0,3.16228
8-303,100.0,8.91251,7.94328,10.0,1.804482
8-303,100.0,8.91251,7.94328,10.0,1.3518826666666666
8-303,100.0,13.347655,7.94328,10.0,1.3518826666666666
8-303,100.0,17.7828,7.94328,5.01187,0.446684
8-303,39.8107,17.7828,7.94328,5.01187,0.446684
8-303,39.8107,17.7828,7.94328,5.01187,0.446684
8-303,39.8107,17.7828,100.0,5.01187,0.446684
8-303,39.8107,17.7828,100.0,5.31764,0.446684
8-303,39.8107,100.0,100.0,5.31764,0.784352
8-303,39.8107,100.0,100.0,5.31764,0.784352
8-303,100.0,100.0,100.0,5.62341,1.12202
8-303,100.0,100.0,100.0,6.30957,1.12202
8-303,100.0,100.0,100.0,6.30957,1.12202
8-303,35.4813,100.0,100.0,6.30957,100.0
8-303,35.4813,100.0,100.0,8.154785,100.0
8-303,35.4813,11.2202,100.0,8.154785,100.0
8-303,35.4813,11.2202,100.0,8.154785,0.501187
8-303,35.4813,11.2202,100.0,7.796343333333334,0.501187
8-303,35.4813,10.066355,100.0,7.796343333333334,0.501187
8-303,100.0,100.0,100.0,100.0,100.0
8-303,100.0,100.0,100.0,6.30957,100.0
8-303,100.0,100.0,100.0,6.30957,0.446684
8-303,100.0,100.0,100.0,6.30957,0.8528020000000001
8-303,100.0,100.0,19.9526,6.30957,0.8528020000000001
8-303,100.0,7.07946,19.9526,6.30957,0.8528020000000001
8-303,39.8107,7.07946,19.9526,6.30957,0.8528020000000001
8-303,39.8107,7.07946,19.9526,6.30957,0.9881746666666666
8-303,39.8107,7.07946,19.9526,100.0,1.25892
8-303,39.8107,7.511369999999999,19.9526,100.0,1.25892
8-303,39.8107,7.511369999999999,19.9526,10.0,1.25892
8-303,39.8107,7.511369999999999,19.9526,10.0,0.9881746666666666
8-303,33.99725,7.511369999999999,100.0,10.0,0.8528020000000001
8-303,33.99725,7.511369999999999,19.9526,10.0,0.8528020000000001
8-303,28.1838,7.94328,19.9526,10.0,0.446684
8-303,28.1838,100.0,19.9526,100.0,0.446684
8-303,39.15125,100.0,19.9526,100.0,0.446684
8-303,39.15125,7.94328,19.9526,100.0,0.446684
8-303,50.1187,7.94328,100.0,7.07946,0.446684
8-303,50.1187,7.94328,19.9526,7.07946,0.446684
8-303,100.0,7.94328,19.9526,7.07946,100.0
8-303,100.0,7.94328,19.9526,7.07946,100.0
8-303,100.0,7.94328,19.9526,7.07946,100.0
8-303,100.0,7.94328,13.131085,7.07946,100.0
8-303,100.0,100.0,100.0,100.0,1.99526
8-303,100.0,100.0,100.0,10.0,1.99526
8-303,100.0,100.0,100.0,8.154785,1.99526
8-303,100.0,14.1254,100.0,8.154785,1.99526
8-303,100.0,14.1254,100.0,8.154785,1.99526
8-303,100.0,14.1254,17.7828,8.154785,1.99526
8-303,100.0,14.1254,17.7828,8.154785,1.62709
8-303,100.0,14.1254,17.7828,8.154785,1.62709
8-303,100.0,14.1254,17.7828,6.30957,1.25892
8-303,100.0,14.1254,17.7828,7.611039999999999,1.25892
8-303,100.0,14.1254,21.450850000000003,7.611039999999999,1.25892
8-303,100.0,11.2202,25.1189,8.91251,1.25892
8-303,100.0,11.2202,25.1189,6.037395,1.25892
8-303,100.0,11.2202,17.55945,6.037395,1.25892
8-303,100.0,11.2202,17.55945,6.037395,1.25892
8-303,100.0,11.2202,19.168699999999998,6.037395,1.25892
8-303,100.0,37.15795,19.168699999999998,6.037395,1.25892
8-303,100.0,37.15795,16.1936,3.16228,1.25892
8-303,100.0,37.15795,16.1936,3.16228,1.25892
8-303,100.0,37.15795,18.258133333333333,3.16228,1.25892
8-303,100.0,37.8425,22.3872,100.0,1.25892
8-303,100.0,37.8425,22.3872,3.16228,1.25892
8-303,100.0,37.8425,18.664866666666665,3.16228,1.25892
8-303,100.0,12.5893,16.8037,6.037395,1.25892
8-303,79.4328,12.5893,16.8037,6.037395,1.25892
8-303,79.4328,12.5893,16.8037,6.037395,1.25892
8-303,79.4328,12.5893,11.2202,6.037395,100.0
8-303,79.4328,12.5893,11.2202,5.079023333333333,100.0
8-303,79.4328,100.0,100.0,6.037395,100.0
8-303,100.0,100.0,100.0,11.2202,100.0
8-303,100.0,100.0,28.1838,11.2202,100.0
8-303,100.0,100.0,28.1838,11.2202,1.99526
8-303,100.0,100.0,28.1838,11.2202,1.99526
8-303,100.0,100.0,18.548155,11.2202,1.99526
8-303,79.4328,100.0,18.548155,11.2202,1.99526
8-303,79.4328,100.0,18.548155,11.2202,1.4432555
8-303,79.4328,100.0,15.013196666666667,11.2202,1.4432555
8-303,100.0,100.0,7.94328,6.30957,0.891251
8-303,100.0,100.0,13.94794,6.30957,0.891251
8-303,100.0,100.0,13.94794,6.30957,2.4361604999999997
8-303,100.0,100.0,13.94794,6.30957,3.98107
8-303,100.0,100.0,13.94794,4.735925,3.98107
8-303,100.0,100.0,100.0,100.0,1.99526
8-303,100.0,100.0,19.9526,100.0,1.99526
8-303,100.0,100.0,19.9526,100.0,1.62709
8-303,100.0,100.0,14.432555,100.0,1.62709
8-303,100.0,100.0,25.1189,100.0,100.0
8-303,100.0,100.0,22.53575,100.0,100.0
8-303,100.0,100.0,22.53575,6.30957,100.0
8-303,100.0,100.0,22.53575,6.30957,1.99526
8-303,100.0,56.2341,22.53575,6.30957,1.99526
8-303,100.0,56.2341,22.53575,6.30957,1.99526
8-303,100.0,56.2341,23.3968,6.30957,1.99526
8-303,100.0,56.2341,23.3968,8.154785,1.99526
8-303,100.0,56.2341,22.53575,7.310993333333333,1.99526
8-303,100.0,56.2341,22.53575,7.310993333333333,3.503565
8-303,100.0,36.0415,22.53575,7.310993333333333,3.503565
8-303,100.0,36.0415,17.015705,7.811705,3.503565
8-303,100.0,36.0415,17.015705,7.811705,3.0007966666666666
8-303,100.0,15.8489,8.91251,5.62341,3.503565
8-303,100.0,100.0,8.91251,100.0,2.7716950000000002
8-303,100.0,100.0,20.83114,100.0,2.7716950000000002
8-303,100.0,100.0,20.83114,3.98107,2.7716950000000002
8-303,100.0,100.0,26.790454999999998,3.98107,5.313795
8-303,44.6684,100.0,44.6684,3.98107,5.313795
8-303,44.6684,100.0,29.3969,3.98107,5.313795
8-303,44.6684,31.6228,29.3969,3.98107,5.313795
8-303,44.6684,31.6228,29.3969,3.98107,4.070826666666666
8-303,44.6684,100.0,100.0,100.0,100.0
8-303,44.6684,100.0,15.8489,100.0,100.0
8-303,44.6684,100.0,15.8489,100.0,100.0
8-303,42.239549999999994,100.0,15.8489,100.0,100.0
8-303,42.239549999999994,100.0,15.8489,100.0,3.98107
8-303,42.239549999999994,100.0,9.33364,100.0,3.98107
8-303,42.239549999999994,100.0,7.161886666666668,100.0,3.98107
8-303,42.239549999999994,31.6228,7.161886666666668,100.0,3.98107
8-303,39.8107,31.6228,7.161886666666667,100.0,3.98107
8-303,39.8107,31.6228,7.161886666666667,100.0,3.98107
8-303,48.0224,31.6228,7.161886666666667,100.0,3.98107
8-303,48.0224,31.6228,7.161886666666667,2.81838,3.98107
8-303,56.2341,31.6228,9.33364,2.81838,100.0
8-303,56.2341,100.0,100.0,100.0,100.0
8-303,56.2341,100.0,14.1254,100.0,100.0
8-303,56.2341,100.0,14.1254,2.81838,100.0
8-303,48.0224,100.0,14.1254,2.81838,100.0
8-303,39.8107,100.0,14.1254,2.81838,100.0
8-303,39.8107,100.0,14.1254,2.81838,1.58489
8-303,39.8107,100.0,8.64384,2.81838,1.58489
8-303,39.8107,100.0,8.64384,2.81838,1.58489
8-303,39.8107,31.6228,8.64384,2.81838,1.58489
8-303,39.8107,31.6228,3.16228,2.81838,1.58489
8-303,44.96469999999999,31.6228,3.16228,2.81838,1.58489
8-303,44.96469999999999,31.6228,8.64384,2.81838,1.58489
8-303,100.0,100.0,100.0,2.81838,100.0
8-303,70.7946,100.0,100.0,2.81838,100.0
8-303,70.7946,100.0,14.1254,2.81838,100.0
8-303,70.7946,44.6684,14.1254,2.81838,100.0
8-303,70.7946,44.6684,14.1254,2.81838,1.58489
8-303,79.95985,44.6684,14.1254,2.81838,1.58489
8-303,89.1251,44.6684,14.1254,100.0,1.58489
8-303,89.1251,44.6684,8.836765,100.0,1.58489
8-303,100.0,100.0,3.54813,4.46684,100.0
8-303,100.0,100.0,100.0,4.007485,100.0
8-303,100.0,100.0,3.54813,4.007485,100.0
8-303,100.0,100.0,3.54813,3.183255,100.0
8-303,56.2341,100.0,3.54813,3.183255,100.0
8-303,56.2341,100.0,3.54813,3.183255,1.58489
8-303,56.2341,100.0,3.54813,3.183255,1.58489
8-303,56.2341,44.6684,3.54813,3.183255,1.58489
8-303,59.6649,44.6684,3.54813,3.183255,1.58489
8-303,59.6649,44.6684,3.54813,3.183255,2.78298
8-303,59.6649,44.6684,3.54813,3.1762633333333334,2.78298
8-303,100.0,100.0,7.94328,100.0,100.0
8-303,35.4813,100.0,7.94328,100.0,100.0
8-303,35.4813,100.0,7.94328,1.77828,100.0
8-303,35.4813,100.0,7.94328,1.77828,10.0
8-303,35.4813,19.9526,7.94328,1.77828,10.0
8-303,35.4813,19.9526,7.94328,1.77828,10.0
8-303,35.4813,19.9526,7.94328,1.681585,10.0
8-303,35.4813,19.9526,12.863040000000002,1.681585,10.0
8-303,35.4813,19.9526,12.863040000000002,1.5406966666666666,10.0
8-303,35.4813,19.9526,15.226226666666667,1.5406966666666666,10.0
8-303,100.0,100.0,15.226226666666667,1.421905,100.0
8-303,31.6228,100.0,15.226226666666667,1.421905,100.0
8-303,31.6228,100.0,13.94794,1.25892,7.94328
8-303,100.0,100.0,100.0,1.58489,7.94328
8-303,100.0,100.0,100.0,1.58489,7.94328
8-303,35.4813,100.0,100.0,1.58489,7.94328
8-303,35.4813,100.0,22.3872,1.58489,7.94328
8-303,35.4813,100.0,22.3872,1.58489,7.94328
8-303,35.4813,100.0,22.3872,1.4987149999999998,7.94328
8-303,35.4813,100.0,22.3872,1.4987149999999998,7.94328
8-303,35.4813,15.8489,22.3872,1.4987149999999998,7.94328
8-303,37.646,15.8489,22.3872,1.4987149999999998,7.94328
8-303,39.8107,14.219100000000001,100.0,1.41254,100.0
8-303,39.8107,14.219100000000001,19.9526,1.41254,100.0
8-303,39.8107,14.219100000000001,19.9526,1.41254,11.2202
8-303,39.8107,14.219100000000001,19.9526,1.41254,11.2202
8-303,100.0,11.2202,100.0,100.0,100.0
8-303,100.0,11.2202,100.0,1.0,100.0
8-303,100.0,11.2202,100.0,1.0,7.94328
8-303,100.0,10.066355,100.0,1.0,7.94328
8-303,100.0,10.066355,100.0,1.0,5.55278
8-303,100.0,10.066355,22.3872,1.0,5.55278
8-303,100.0,10.066355,22.3872,1.0,5.55278
8-303,100.0,8.91251,22.3872,100.0,3.16228
8-303,100.0,8.91251,22.3872,0.891251,3.16228
8-303,100.0,8.91251,22.3872,0.891251,3.16228
8-303,100.0,11.518955,22.3872,0.891251,3.16228
8-303,100.0,14.1254,17.57256,0.891251,100.0
8-303,100.0,15.8489,7.94328,100.0,100.0
8-303,19.9526,15.8489,7.94328,100.0,100.0
8-303,19.9526,15.8489,22.3872,100.0,100.0
8-303,19.9526,15.8489,22.3872,100.0,3.16228
8-303,45.3736,15.8489,22.3872,100.0,3.16228
8-303,45.3736,12.380704999999999,22.3872,100.0,3.16228
8-303,45.3736,12.380704999999999,22.3872,100.0,5.12087
8-303,45.3736,12.380704999999999,23.75305,100.0,5.12087
8-303,72.2134,12.380704999999999,23.75305,100.0,5.12087
8-303,72.2134,13.536769999999999,23.75305,100.0,5.12087
8-303,100.0,100.0,100.0,100.0,100.0
8-303,100.0,100.0,100.0,100.0,100.0
8-303,100.0,17.7828,100.0,100.0,100.0
8-303,100.0,17.7828,100.0,3.16228,100.0
8-303,100.0,17.7828,100.0,3.16228,7.94328
8-303,100.0,17.7828,100.0,3.16228,7.94328
8-303,100.0,17.7828,7.07946,3.16228,7.94328
8-303,100.0,13.347655,7.07946,3.16228,7.94328
8-303,100.0,13.347655,7.07946,2.373585,7.94328
8-303,100.0,14.181403333333334,7.07946,2.373585,7.94328
8-303,100.0,14.181403333333334,7.511369999999999,2.373585,7.94328
8-303,100.0,14.181403333333334,7.511369999999999,2.373585,7.511369999999999
8-303,100.0,14.181403333333334,7.511369999999999,2.373585,7.511369999999999
8-303,89.1251,12.380704999999999,7.511369999999999,1.2924449999999998,7.511369999999999
8-303,57.122,12.380704999999999,7.511369999999999,1.2924449999999998,7.511369999999999
8-303,46.454299999999996,15.8489,7.94328,1.2924449999999998,7.07946
8-303,46.454299999999996,15.8489,7.94328,1.2924449999999998,7.995984999999999
8-303,46.454299999999996,19.11805,7.94328,1.2924449999999998,7.995984999999999
8-303,22.673533333333335,22.3872,100.0,1.0,8.91251
8-303,22.673533333333335,22.3872,7.94328,1.0,8.91251
8-303,22.673533333333335,22.3872,7.94328,1.0,5.865444999999999
8-303,21.450850000000003,22.3872,8.97164,100.0,5.865444999999999
8-303,20.22816666666667,22.3872,8.97164,100.0,5.865444999999999
8-303,20.22816666666667,14.348385,8.97164,100.0,5.865444999999999
8-303,20.22816666666667,14.348385,8.97164,3.16228,5.865444999999999
8-303,20.22816666666667,14.348385,8.97164,3.16228,9.193263333333332
8-303,17.7828,17.246685,8.97164,3.16228,9.33364
8-303,17.7828,17.246685,8.97164,2.99033,9.33364
8-303,17.7828,17.246685,8.97164,2.99033,9.33364
8-303,17.7828,17.246685,10.68956,2.99033,9.33364
8-303,17.7828,17.246685,12.0627,2.99033,14.98715
8-303,16.81585,17.246685,12.0627,2.99033,14.98715
8-303,16.81585,17.246685,12.0627,2.52185,14.98715
8-303,16.81585,17.246685,11.012636666666666,2.52185,14.98715
8-303,16.81585,17.246685,11.012636666666666,2.52185,14.98715
8-303,15.8489,28.1838,11.518955,2.201635,14.1254
8-303,15.8489,28.1838,11.518955,1.6166513333333334,14.1254
8-303,36.0415,28.1838,11.518955,1.6166513333333334,14.1254
8-303,100.0,100.0,100.0,100.0,4.46684
8-303,100.0,100.0,19.9526,100.0,4.46684
8-303,100.0,100.0,19.9526,0.354813,4.46684
8-303,100.0,100.0,12.5893,100.0,100.0
8-303,100.0,100.0,12.5893,100.0,3.54813
8-303,100.0,11.2202,12.5893,100.0,3.54813
8-303,100.0,11.2202,17.48825,100.0,3.54813
8-303,100.0,11.2202,17.48825,100.0,5.313795
8-303,100.0,11.2202,17.48825,100.0,5.313795
8-303,100.0,11.2202,21.053433333333334,100.0,5.313795
8-303,100.0,11.2202,21.053433333333334,0.141254,5.313795
8-303,100.0,11.90475,21.053433333333334,0.141254,5.313795
8-303,100.0,11.90475,21.053433333333334,0.141254,4.72524
8-303,100.0,11.90475,21.053433333333334,0.141254,4.72524
8-303,100.0,12.5893,25.2855,0.17038999999999999,5.313795
8-303,100.0,12.5893,28.1838,0.17038999999999999,3.54813
8-303,100.0,12.5893,28.1838,0.17038999999999999,3.54813
8-303,100.0,12.5893,28.1838,0.17038999999999999,3.7645999999999997
8-303,100.0,12.5893,24.0682,0.17038999999999999,3.7645999999999997
8-303,100.0,12.5893,45.3736,0.199526,3.98107
8-303,100.0,12.5893,45.3736,0.199526,5.14532
8-303,100.0,100.0,100.0,100.0,3.98107
8-303,100.0,100.0,100.0,0.316228,3.98107
8-303,100.0,100.0,100.0,0.257877,3.98107
8-303,100.0,100.0,14.1254,0.257877,3.98107
8-303,100.0,100.0,14.1254,0.257877,3.7645999999999997
8-303,100.0,35.4813,14.1254,0.257877,3.7645999999999997
8-303,100.0,35.4813,14.1254,0.2773273333333333,3.7645999999999997
8-303,100.0,35.4813,14.1254,0.2773273333333333,4.869553333333333
8-303,100.0,35.4813,14.1254,0.2773273333333333,4.869553333333333
8-303,100.0,35.4813,14.98715,0.2773273333333333,4.869553333333333
8-303,100.0,35.4813,14.98715,0.257877,5.031476666666666
8-303,100.0,37.646,14.98715,0.257877,5.031476666666666
8-303,100.0,37.646,14.98715,0.2773273333333333,5.031476666666666
8-303,100.0,37.646,19.11805,0.316228,5.77315
8-303,100.0,37.646,19.11805,0.316228,5.031476666666667
8-303,35.4813,37.646,19.11805,0.316228,5.031476666666667
8-303,35.4813,37.646,19.11805,0.2636483333333333,5.031476666666667
8-303,35.4813,39.8107,22.3872,0.22474766666666668,4.007485
8-303,35.4813,39.8107,22.3872,0.22474766666666668,4.007485
8-303,35.4813,39.8107,17.48825,0.22474766666666668,4.007485
8-303,35.4813,100.0,17.48825,0.17900749999999999,3.54813
8-303,35.4813,100.0,17.48825,0.22474766666666665,3.54813
8-303,100.0,100.0,12.5893,0.257877,3.54813
8-303,100.0,100.0,12.5893,0.257877,3.54813
8-303,100.0,100.0,13.35735,0.257877,3.54813
8-303,100.0,100.0,14.1254,0.257877,3.54813
8-303,100.0,100.0,14.1254,0.257877,3.54813
8-303,100.0,100.0,14.1254,0.17900749999999999,3.54813
8-303,100.0,100.0,13.35735,0.17900749999999999,3.54813
8-303,100.0,100.0,100.0,100.0,4.46684
8-303,100.0,8.91251,100.0,100.0,4.46684
8-303,100.0,8.91251,100.0,0.199526,4.46684
8-303,100.0,8.91251,100.0,0.199526,4.46684
8-303,100.0,11.2202,100.0,0.199526,100.0
8-303,100.0,11.2202,19.9526,0.199526,100.0
8-303,100.0,11.2202,19.9526,0.199526,5.01187
8-303,35.4813,11.2202,19.9526,0.199526,5.01187
8-303,35.4813,10.6101,19.9526,100.0,5.01187
8-303,35.4813,10.6101,19.9526,0.199526,5.01187
8-303,35.4813,10.6101,19.9526,0.199526,6.477575
8-303,49.2885,10.6101,19.9526,0.199526,6.477575
8-303,49.2885,10.6101,19.9526,0.199526,6.477575
8-303,49.2885,17.614333333333335,19.9526,0.199526,6.477575
8-303,49.2885,17.614333333333335,19.9526,0.199526,5.501093333333333
8-303,63.0957,20.8114,100.0,0.199526,5.157493333333334
8-303,63.0957,17.61433333333333,100.0,0.199526,5.157493333333334
8-303,63.0957,17.61433333333333,100.0,0.199526,5.157493333333334
8-303,100.0,11.2202,17.7828,0.199526,3.98107
8-303,100.0,15.586400000000001,17.7828,0.199526,3.98107
8-303,100.0,15.586400000000001,17.7828,0.199526,3.98107
8-303,50.1187,15.586400000000001,17.7828,0.199526,3.98107
8-303,50.1187,13.131085,17.7828,100.0,100.0
8-303,50.1187,13.131085,15.186050000000002,100.0,100.0
8-303,50.1187,13.131085,15.186050000000002,100.0,100.0
8-303,50.1187,13.131085,15.186050000000002,8.91251,100.0
8-303,50.1187,13.131085,15.186050000000002,8.91251,10.0
8-303,100.0,12.5893,100.0,100.0,100.0
8-303,100.0,12.5893,100.0,100.0,5.01187
8-303,100.0,12.5893,100.0,5.01187,5.01187
8-303,100.0,12.5893,100.0,5.01187,5.01187
8-303,100.0,12.5893,100.0,5.01187,5.01187
8-303,100.0,12.5893,100.0,5.01187,5.31764
8-303,100.0,10.752686666666667,100.0,5.01187,5.31764
8-303,28.1838,10.752686666666667,100.0,5.01187,5.31764
8-303,28.1838,10.752686666666667,100.0,3.3950750000000003,5.31764
8-303,28.1838,9.83438,100.0,3.3950750000000003,5.31764
8-303,28.1838,9.83438,100.0,4.137853333333333,5.31764
8-303,100.0,100.0,100.0,100.0,5.62341
8-303,44.6684,100.0,100.0,100.0,5.62341
8-303,44.6684,12.5893,100.0,100.0,5.62341
8-303,44.6684,12.5893,100.0,1.77828,5.62341
8-303,44.6684,12.5893,100.0,1.77828,5.62341
8-303,44.6684,12.5893,100.0,1.77828,5.62341
8-303,44.6684,12.5893,100.0,1.77828,5.62341
8-303,44.6684,12.5893,8.91251,1.77828,5.62341
8-303,44.6684,12.5893,8.91251,1.77828,5.62341
8-303,44.6684,12.5893,8.91251,1.77828,5.62341
8-303,44.6684,12.5893,8.91251,1.77828,5.4195633333333335
8-303,100.0,12.5893,8.91251,1.77828,5.215716666666666
8-303,89.1251,12.5893,8.91251,1.77828,5.215716666666666
8-303,89.1251,12.5893,8.91251,1.77828,5.215716666666666
8-303,89.1251,12.5893,8.91251,1.45015,5.215716666666666
8-303,89.1251,11.90475,8.91251,1.45015,5.215716666666666
8-303,28.1838,100.0,100.0,100.0,100.0
8-303,28.1838,100.0,100.0,100.0,5.62341
8-303,22.9833,100.0,100.0,100.0,5.62341
8-303,22.9833,100.0,100.0,100.0,5.0451250000000005
8-303,22.9833,100.0,100.0,1.58489,5.0451250000000005
8-303,22.9833,100.0,10.0,1.58489,5.0451250000000005
8-303,22.9833,100.0,10.0,1.58489,5.0451250000000005
8-303,17.7828,100.0,10.0,1.58489,4.739355
8-303,17.7828,100.0,10.0,1.3534549999999999,4.739355
8-303,100.0,100.0,10.0,1.3534549999999999,4.739355
8-303,17.7828,100.0,10.0,1.3534549999999999,4.739355
8-303,17.7828,100.0,100.0,1.12202,5.01187
8-303,17.7828,100.0,100.0,1.12202,5.01187
8-303,17.7828,100.0,10.0,1.12202,5.01187
8-303,17.7828,11.2202,10.0,1.12202,5.01187
8-303,17.7828,11.2202,10.0,1.12202,5.01187
8-303,17.7828,11.2202,10.0,1.12202,4.739355
8-303,100.0,11.2202,10.0,1.12202,4.739355
8-303,100.0,11.2202,10.0,1.12202,5.03404
8-303,100.0,100.0,10.0,100.0,5.237886666666667
8-303,100.0,100.0,10.0,100.0,5.62341
8-303,25.1189,100.0,10.0,100.0,5.62341
8-303,25.1189,100.0,10.0,100.0,5.4195633333333335
8-303,25.1189,100.0,10.0,100.0,5.4195633333333335
8-303,63.0957,100.0,100.0,100.0,100.0
8-303,63.0957,100.0,100.0,100.0,5.01187
8-303,63.0957,31.6228,100.0,100.0,5.01187
8-303,63.0957,31.6228,100.0,1.12202,5.01187
8-303,63.0957,31.6228,100.0,1.12202,5.01187
8-303,45.63975,31.6228,100.0,1.12202,5.01187
8-303,45.63975,24.702800000000003,100.0,1.12202,5.01187
8-303,45.63975,24.702800000000003,10.0,1.12202,5.01187
8-303,45.63975,24.702800000000003,9.456254999999999,1.12202,5.01187
8-303,45.63975,29.738766666666667,9.456254999999999,1.12202,5.01187
8-303,45.63975,29.738766666666667,9.456254999999999,1.12202,5.01187
8-303,28.1838,28.79675,21.193636666666666,1.12202,5.01187
8-303,22.9833,28.79675,21.193636666666666,1.12202,5.01187
8-303,22.9833,21.557653333333334,21.193636666666666,1.12202,5.01187
8-303,22.9833,21.557653333333334,21.193636666666666,1.12202,5.01187
8-303,17.7828,23.445079999999997,26.790454999999998,1.12202,5.01187
8-303,100.0,100.0,100.0,100.0,5.01187
8-303,63.0957,100.0,100.0,100.0,5.01187
8-303,63.0957,100.0,56.2341,100.0,5.01187
8-303,63.0957,100.0,56.2341,5.01187,5.01187
8-303,63.0957,100.0,53.1764,5.01187,5.01187
8-303,63.0957,14.1254,53.1764,5.01187,5.01187
8-303,40.43925,14.1254,53.1764,5.01187,5.01187
8-303,40.43925,14.1254,52.15716666666666,5.01187,5.01187
8-303,40.43925,14.1254,52.15716666666666,5.01187,5.6607199999999995
8-303,40.43925,14.1254,52.15716666666666,5.01187,5.6607199999999995
8-303,33.61036666666667,14.1254,52.15716666666666,5.01187,5.6607199999999995
8-303,18.8677,14.1254,50.1187,5.01187,5.6607199999999995
8-303,100.0,100.0,100.0,100.0,100.0
8-303,100.0,100.0,10.0,100.0,100.0
8-303,100.0,100.0,10.0,5.01187,100.0
8-303,100.0,100.0,10.0,5.01187,100.0
8-303,100.0,7.07946,10.0,5.01187,100.0
8-303,100.0,7.07946,10.0,5.01187,5.01187
8-303,100.0,7.07946,10.0,5.01187,5.01187
8-303,100.0,7.07946,9.456254999999999,5.01187,5.01187
8-303,100.0,7.07946,8.91251,5.01187,4.739355
8-303,100.0,7.07946,9.456254999999999,5.01187,4.739355
8-303,31.6228,100.0,10.0,100.0,4.46684
8-303,31.6228,12.5893,10.0,100.0,4.46684
8-303,31.6228,12.5893,10.0,1.58489,4.46684
8-303,31.6228,12.5893,10.0,1.58489,4.46684
8-303,31.6228,12.5893,10.0,1.58489,5.62341
8-303,31.6228,12.5893,10.0,1.2380705,5.62341
8-303,31.6228,12.5893,10.0,1.2380705,5.62341
8-303,31.6228,12.5893,9.456254999999999,1.2380705,5.62341
8-303,100.0,100.0,19.574403333333333,0.891251,5.62341
8-303,100.0,100.0,19.574403333333333,2.9515605000000003,5.62341
8-303,100.0,12.5893,24.361604999999997,2.9515605000000003,5.62341
8-303,100.0,12.5893,24.361604999999997,2.9515605000000003,5.0451250000000005
8-303,100.0,12.5893,19.574403333333333,2.9515605000000003,5.0451250000000005
8-303,39.8107,12.5893,19.574403333333333,2.9515605000000003,5.0451250000000005
8-303,39.8107,12.5893,19.574403333333333,2.3417136666666667,5.0451250000000005
8-303,100.0,100.0,100.0,10.0,100.0
8-303,100.0,100.0,19.9526,10.0,100.0
8-303,100.0,100.0,19.9526,10.0,100.0
8-303,100.0,31.6228,19.9526,10.0,100.0
8-303,100.0,27.005000000000003,19.9526,10.0,100.0
8-303,50.1187,27.005000000000003,19.9526,10.0,100.0
8-303,50.1187,27.005000000000003,19.9526,10.0,3.98107
8-303,50.1187,27.005000000000003,19.9526,10.0,5.962175
8-303,50.1187,16.8037,100.0,100.0,5.962175
8-303,100.0,11.2202,100.0,100.0,7.126424999999999
8-303,100.0,11.2202,6.30957,100.0,7.126424999999999
8-303,100.0,11.2202,6.694515,100.0,6.30957
8-303,100.0,11.2202,6.694515,100.0,8.154785
8-303,100.0,8.421804999999999,6.694515,100.0,8.154785
8-303,100.0,5.62341,7.07946,15.8489,10.0
8-303,100.0,11.703105,7.07946,15.8489,10.0
8-303,100.0,11.703105,7.07946,15.8489,27.3342
8-303,100.0,11.703105,5.77315,15.8489,27.3342
8-303,100.0,17.7828,4.46684,8.1018565,44.6684
8-303,100.0,15.9541,4.46684,8.1018565,44.6684
8-303,56.2341,15.9541,4.46684,8.1018565,44.6684
8-303,56.2341,15.9541,4.46684,8.1018565,44.6684
8-303,56.2341,15.9541,4.46684,8.1018565,25.145905
8-303,56.2341,15.9541,13.42702,8.1018565,25.145905
8-303,56.2341,15.9541,12.691413333333335,8.1018565,25.145905
8-303,50.45125,15.9541,12.691413333333335,8.1018565,25.145905
8-303,50.45125,17.286933333333334,12.691413333333335,8.1018565,25.145905
8-303,50.45125,17.286933333333334,12.691413333333335,5.53394,25.145905
8-303,50.45125,17.286933333333334,12.691413333333335,5.53394,25.145905
8-303,100.0,100.0,22.3872,10.044236666666665,3.98107
8-303,100.0,100.0,22.3872,10.044236666666665,3.98107
8-303,100.0,100.0,22.3872,10.044236666666665,3.98107
8-303,100.0,100.0,33.5278,10.044236666666665,3.98107
8-303,100.0,100.0,33.5278,13.001,3.98107
8-303,100.0,100.0,33.5278,13.001,3.8367566666666666
8-303,100.0,100.0,44.6684,14.5015,3.7645999999999997
8-303,100.0,100.0,44.6684,14.5015,3.9986800000000002
8-303,100.0,100.0,36.4261,14.5015,3.9986800000000002
8-303,100.0,100.0,36.4261,13.407733333333333,3.9986800000000002
8-303,100.0,14.1254,36.4261,13.407733333333333,3.9986800000000002
8-303,100.0,14.1254,25.2855,14.5015,4.007485
8-303,100.0,14.1254,25.2855,14.5015,4.546126666666667
8-303,100.0,14.1254,25.2855,14.5015,4.546126666666667
8-303,100.0,14.1254,25.2855,14.5015,4.546126666666667
8-303,100.0,14.1254,25.2855,10.066355,5.0451250000000005
8-303,100.0,38.61055,25.2855,10.066355,5.0451250000000005
8-303,100.0,38.61055,25.2855,10.066355,5.237886666666667
8-303,100.0,38.61055,25.2855,10.066355,5.237886666666667
8-303,98.74404999999999,63.0957,22.3872,8.91251,5.62341
8-303,98.74404999999999,40.43925,22.3872,8.91251,5.62341
8-303,98.74404999999999,40.43925,22.3872,8.91251,5.62341
8-303,98.74404999999999,40.43925,22.3872,8.91251,4.93165
8-303,56.2341,40.43925,100.0,8.91251,4.23989
8-303,56.2341,17.7828,100.0,100.0,3.6924433333333333
8-303,56.2341,17.7828,100.0,11.2202,3.6924433333333333
8-303,100.0,17.7828,100.0,100.0,100.0
8-303,100.0,17.7828,100.0,10.0,100.0
8-303,100.0,17.7828,22.3872,10.0,100.0
8-303,100.0,17.7828,22.3872,10.0,3.98107
8-303,100.0,17.7828,22.3872,10.0,3.98107
8-303,100.0,17.7828,22.3872,10.0,3.98107
8-303,100.0,21.450850000000003,22.3872,10.0,3.98107
8-303,100.0,21.450850000000003,22.3872,10.0,3.98107
8-303,100.0,21.450850000000003,22.3872,10.0,4.49647
8-303,100.0,21.450850000000003,23.75305,10.0,4.49647
8-303,100.0,21.450850000000003,23.75305,10.0,4.49647
8-303,100.0,25.1189,25.1189,10.0,5.01187
8-303,100.0,100.0,100.0,28.1838,100.0
8-303,100.0,100.0,25.1189,28.1838,100.0
8-303,100.0,19.9526,25.1189,28.1838,100.0
8-303,100.0,19.9526,25.1189,28.1838,3.54813
8-303,100.0,19.9526,25.1189,28.1838,3.54813
8-303,100.0,19.9526,25.1189,19.091900000000003,3.54813
8-303,79.4328,19.9526,25.1189,19.091900000000003,3.54813
8-303,79.4328,49.6927,25.1189,19.091900000000003,3.54813
8-303,79.4328,49.6927,25.1189,19.091900000000003,4.58577
8-303,79.4328,39.05606666666667,25.1189,19.091900000000003,4.58577
8-303,79.4328,39.05606666666667,25.1189,19.091900000000003,4.384203333333333
8-303,79.4328,39.05606666666667,25.1189,19.091900000000003,4.384203333333333
8-303,79.4328,48.6078,100.0,10.0,4.384203333333333
8-303,79.4328,48.6078,100.0,10.0,4.384203333333333
8-303,79.4328,48.6078,100.0,10.0,4.384203333333333
8-303,79.4328,17.7828,100.0,17.55945,3.7645999999999997
8-303,79.4328,17.7828,100.0,17.55945,3.7645999999999997
8-303,100.0,100.0,100.0,17.55945,3.54813
8-303,100.0,100.0,100.0,20.079266666666665,3.54813
8-303,100.0,14.1254,100.0,20.079266666666665,3.54813
8-303,100.0,14.1254,100.0,20.079266666666665,3.54813
8-303,100.0,14.1254,31.6228,20.079266666666665,3.54813
8-303,100.0,14.1254,31.6228,20.079266666666665,3.54813
8-303,100.0,14.1254,31.6228,25.1189,3.54813
8-303,81.16035,14.1254,31.6228,25.1189,3.54813
8-303,81.16035,14.1254,31.6228,25.1189,3.54813
8-303,100.0,100.0,100.0,100.0,100.0
8-303,100.0,35.4813,100.0,100.0,100.0
8-303,100.0,35.4813,100.0,11.2202,100.0
8-303,100.0,35.4813,100.0,11.2202,3.54813
8-303,100.0,35.4813,100.0,11.2202,3.54813
8-303,100.0,35.4813,100.0,10.6101,3.54813
8-303,89.7164,35.4813,100.0,10.6101,3.54813
8-303,89.7164,26.63205,100.0,10.6101,3.54813
8-303,89.7164,26.63205,100.0,10.6101,4.007485
8-303,89.7164,26.63205,100.0,10.6101,3.854366666666667
8-303,89.7164,26.63205,25.1189,10.6101,3.854366666666667
8-303,89.7164,26.63205,25.1189,10.6101,3.854366666666667
8-303,89.7164,26.63205,25.1189,10.813466666666665,3.854366666666667
8-303,80.84283333333333,26.63205,25.1189,10.813466666666665,3.854366666666667
8-303,71.26425,17.7828,25.1189,10.6101,3.854366666666667
8-303,71.26425,17.7828,34.89365,10.6101,3.854366666666667
8-303,71.26425,18.8677,34.89365,10.6101,3.854366666666667
8-303,63.0957,19.9526,34.89365,11.2202,3.54813
8-303,81.54785,19.9526,34.89365,11.2202,3.54813
8-303,81.54785,19.9526,34.89365,10.6101,3.54813
8-303,100.0,19.9526,44.6684,10.0,4.007485
8-303,100.0,19.9526,44.6684,10.0,4.007485
8-303,100.0,19.9526,44.6684,10.0,4.007485
8-303,100.0,19.9526,34.89365,10.0,4.007485
8-303,100.0,100.0,25.1189,10.0,3.81456
8-303,100.0,35.4813,25.1189,10.0,3.81456
8-303,100.0,35.4813,25.1189,10.0,3.81456
8-303,100.0,35.4813,26.65135,10.0,3.81456
8-303,100.0,35.4813,26.65135,10.0,3.81456
8-303,100.0,35.4813,26.65135,10.0,3.81456
8-303,100.0,35.4813,28.1838,8.53973,3.16228
8-303,100.0,35.4813,28.1838,8.53973,4.735925
8-303,100.0,100.0,100.0,7.07946,6.30957
8-303,100.0,100.0,31.6228,7.07946,6.30957
8-303,100.0,17.7828,31.6228,7.07946,6.30957
8-303,100.0,17.7828,31.6228,7.07946,6.30957
8-303,100.0,17.7828,31.6228,7.07946,6.30957
8-303,100.0,17.7828,78.7579,7.07946,6.30957
8-303,100.0,100.0,100.0,100.0,17.7828
8-303,100.0,100.0,22.3872,100.0,17.7828
8-303,100.0,100.0,21.1699,100.0,17.7828
8-303,100.0,100.0,21.1699,100.0,100.0
8-303,100.0,100.0,21.1699,100.0,100.0
8-303,100.0,100.0,21.1699,100.0,4.46684
8-303,100.0,100.0,21.1699,17.7828,4.46684
8-303,100.0,56.2341,21.1699,17.7828,4.46684
8-303,100.0,56.2341,21.1699,17.7828,4.46684
8-303,100.0,56.2341,21.1699,15.9541,4.46684
8-303,100.0,56.2341,21.575666666666667,15.9541,4.46684
8-303,100.0,56.2341,22.3872,15.9541,6.717960000000001
8-303,100.0,56.2341,22.3872,14.1254,7.84352
8-303,100.0,100.0,22.3872,15.8489,11.2202
8-303,100.0,100.0,22.3872,15.8489,11.2202
8-303,100.0,100.0,21.1699,15.8489,11.2202
8-303,100.0,100.0,21.1699,14.98715,11.2202
8-303,100.0,100.0,19.9526,15.919033333333333,11.2202
8-303,100.0,100.0,19.9526,15.919033333333333,8.116035
8-303,100.0,100.0,100.0,15.9541,7.505935
8-303,100.0,100.0,100.0,15.8489,100.0
8-303,100.0,100.0,19.9526,15.8489,100.0
8-303,100.0,100.0,19.9526,15.8489,12.5893
8-303,100.0,100.0,19.9526,15.8489,12.5893
8-303,100.0,100.0,19.9526,15.8489,12.5893
8-303,100.0,100.0,19.9526,15.8489,12.5893
8-303,100.0,100.0,19.9526,15.8489,8.52807
8-303,100.0,100.0,19.229333333333333,15.8489,8.52807
8-303,100.0,100.0,18.8677,15.8489,10.15787
8-303,100.0,100.0,18.506066666666666,15.8489,10.15787
8-303,100.0,50.1187,18.506066666666666,15.8489,10.15787
8-303,100.0,50.1187,17.7828,100.0,13.53455
8-303,100.0,40.87075,17.7828,100.0,13.53455
8-303,100.0,40.87075,17.7828,15.8489,13.53455
8-303,100.0,40.87075,17.7828,15.8489,10.51198
8-303,100.0,40.87075,17.7828,15.8489,10.51198
8-303,100.0,38.1456,100.0,15.8489,7.84352
8-303,100.0,38.1456,19.9526,15.8489,7.84352
8-303,100.0,38.1456,19.9526,15.8489,6.717960000000001
8-303,100.0,38.1456,19.9526,15.8489,4.46684
8-303,100.0,38.1456,19.9526,14.98715,4.46684
8-303,100.0,38.1456,19.9526,14.98715,4.648516666666667
8-303,100.0,44.6684,19.9526,14.1254,4.739355
8-303,100.0,44.6684,19.229333333333333,14.1254,4.739355
8-303,100.0,44.6684,19.229333333333333,14.1254,4.648516666666667
8-303,100.0,44.6684,18.8677,14.1254,7.868036666666666
8-303,100.0,44.6684,18.8677,100.0,9.29612
8-303,100.0,53.88205,18.8677,100.0,9.29612
8-303,100.0,53.88205,18.8677,17.7828,9.29612
8-303,100.0,53.88205,18.8677,17.7828,7.6863600000000005
8-303,100.0,100.0,100.0,15.8489,100.0
8-303,100.0,100.0,22.3872,15.8489,100.0
8-303,100.0,100.0,22.3872,15.8489,15.8489
8-303,100.0,100.0,100.0,11.2202,100.0
8-303,100.0,100.0,100.0,11.2202,5.01187
8-303,100.0,100.0,19.9526,11.2202,5.01187
8-303,100.0,35.4813,19.9526,11.2202,5.01187
8-303,100.0,35.4813,19.9526,11.2202,6.045665
8-303,100.0,35.4813,21.1699,11.2202,6.045665
8-303,100.0,35.4813,21.1699,10.066355,6.045665
8-303,100.0,100.0,7.07946,100.0,100.0
8-303,100.0,100.0,7.07946,100.0,6.30957
8-303,100.0,100.0,7.07946,100.0,11.079235
8-303,100.0,100.0,7.07946,100.0,11.079235
8-303,100.0,100.0,7.07946,17.7828,11.079235
8-303,100.0,100.0,11.2202,100.0,100.0
8-303,100.0,100.0,11.2202,100.0,15.8489
8-303,100.0,100.0,10.6101,100.0,15.8489
8-303,100.0,100.0,10.6101,100.0,15.8489
8-303,100.0,100.0,10.813466666666665,100.0,15.8489
8-303,100.0,100.0,9.17659,100.0,100.0
8-303,100.0,100.0,8.764885,100.0,6.30957
8-303,100.0,100.0,9.583323333333333,100.0,6.30957
8-303,100.0,100.0,11.2202,100.0,100.0
8-303,100.0,100.0,11.2202,56.2341,100.0
8-303,100.0,100.0,10.6101,56.2341,100.0
8-303,100.0,100.0,10.6101,32.08869,100.0
8-303,100.0,100.0,10.6101,32.08869,6.30957
8-303,100.0,100.0,10.6101,32.08869,6.694515
8-303,100.0,100.0,10.6101,32.08869,6.694515
8-303,100.0,100.0,10.406733333333333,32.08869,6.694515
8-303,100.0,100.0,10.406733333333333,25.58889333333333,6.694515
8-303,100.0,35.4813,10.406733333333333,25.58889333333333,6.694515
8-303,100.0,45.857699999999994,10.0,10.26629,6.694515
8-303,100.0,45.857699999999994,10.0,10.26629,6.566199999999999
8-303,100.0,45.857699999999994,10.0,10.26629,6.566199999999999
8-303,100.0,45.857699999999994,10.0,9.491953333333333,6.566199999999999
8-303,100.0,45.857699999999994,9.026486666666667,9.491953333333333,6.566199999999999
8-303,100.0,100.0,100.0,7.94328,100.0
8-303,100.0,100.0,7.94328,7.94328,100.0
8-303,100.0,70.7946,7.94328,7.94328,100.0
8-303,100.0,70.7946,7.94328,7.94328,6.30957
8-303,100.0,70.7946,7.94328,7.94328,6.30957
8-303,100.0,70.7946,7.94328,7.94328,6.30957
8-303,100.0,70.7946,7.94328,7.511369999999999,6.30957
8-303,100.0,70.7946,7.94328,7.65534,6.30957
8-303,100.0,100.0,7.511369999999999,7.511369999999999,6.30957
8-303,100.0,100.0,7.511369999999999,7.511369999999999,6.694515
8-303,100.0,35.4813,7.511369999999999,7.511369999999999,6.694515
8-303,100.0,35.4813,7.07946,7.94328,12.431130000000001
8-303,100.0,35.4813,8.53973,7.94328,12.431130000000001
8-303,70.7946,35.4813,8.53973,7.94328,12.431130000000001
8-303,70.7946,35.4813,8.53973,100.0,12.431130000000001
8-303,70.7946,35.4813,10.0,100.0,17.7828
8-303,70.7946,35.4813,10.0,100.0,17.7828
8-303,70.7946,35.4813,10.0,100.0,12.431130000000001
8-303,70.7946,35.4813,10.0,11.2202,12.431130000000001
8-303,70.7946,31.832549999999998,10.0,11.2202,12.431130000000001
8-303,100.0,31.832549999999998,10.0,12.6728,7.07946
8-303,100.0,31.832549999999998,11.29465,12.6728,7.07946
8-303,100.0,28.1838,11.29465,13.157000000000002,7.07946
8-303,100.0,100.0,11.90475,14.1254,100.0
8-303,100.0,100.0,9.58174,14.1254,100.0
8-303,100.0,100.0,9.58174,14.1254,100.0
8-303,100.0,56.2341,9.58174,14.1254,100.0
8-303,100.0,100.0,35.4813,100.0,100.0
8-303,44.6684,100.0,35.4813,100.0,100.0
8-303,44.6684,22.3872,35.4813,100.0,100.0
8-303,85.2807,22.3872,35.4813,100.0,100.0
8-303,85.2807,22.3872,30.3001,100.0,100.0
8-303,85.2807,22.3872,30.3001,3.16228,100.0
8-303,85.2807,22.3872,30.3001,3.16228,19.9526
8-303,85.2807,22.3872,30.3001,3.16228,19.9526
8-303,85.2807,22.3872,26.850933333333334,3.16228,19.9526
8-303,85.2807,22.3872,26.850933333333334,3.16228,13.51603
8-303,85.2807,22.3872,26.850933333333334,4.0870750000000005,13.51603
8-303,100.0,22.3872,22.53575,3.9074266666666673,13.51603
8-303,100.0,22.3872,23.3968,3.9074266666666673,13.51603
8-303,100.0,25.1189,22.53575,4.28,7.07946
8-303,100.0,25.1189,17.671593333333334,4.28,7.07946
8-303,100.0,25.1189,17.671593333333334,6.186666666666667,7.07946
8-303,63.0957,25.1189,16.53109,6.774065,100.0
8-303,63.0957,25.1189,16.53109,5.5701366666666665,100.0
8-303,76.1104,25.1189,7.94328,6.5811399999999995,100.0
8-303,76.1104,21.450850000000003,7.94328,6.5811399999999995,100.0
8-303,76.1104,17.7828,100.0,3.16228,25.1189
8-303,76.1104,17.7828,100.0,3.3552049999999998,25.1189
8-303,76.1104,17.7828,7.07946,3.3552049999999998,25.1189
8-303,76.1104,22.9833,7.07946,3.3552049999999998,25.1189
8-303,89.1251,22.9833,7.07946,3.54813,25.1189
8-303,89.1251,22.9833,16.09918,3.54813,25.1189
8-303,100.0,28.1838,13.092606666666667,3.54813,25.1189
8-303,100.0,28.1838,13.092606666666667,3.54813,25.1189
8-303,100.0,100.0,12.835976666666667,100.0,25.1189
8-303,100.0,25.1189,12.835976666666667,100.0,25.1189
8-303,63.0957,25.1189,12.835976666666667,100.0,25.1189
8-303,63.0957,25.1189,12.835976666666667,100.0,19.105753333333332
8-303,100.0,100.0,100.0,3.54813,100.0
8-303,100.0,100.0,28.1838,3.54813,100.0
8-303,100.0,100.0,28.1838,3.54813,100.0
8-303,100.0,22.3872,28.1838,3.54813,100.0
8-303,100.0,22.3872,28.1838,3.54813,31.6228
8-303,56.2341,22.3872,28.1838,3.54813,31.6228
8-303,56.2341,22.3872,17.63163,3.54813,31.6228
8-303,56.2341,22.3872,7.07946,100.0,31.6228
8-303,56.2341,22.3872,7.07946,100.0,31.6228
8-303,56.2341,22.3872,7.07946,100.0,19.35113
8-303,56.2341,22.3872,7.07946,100.0,19.35113
8-303,56.2341,23.75305,7.07946,100.0,19.35113
8-303,100.0,25.1189,7.07946,100.0,6.694515
8-303,100.0,25.1189,13.092606666666667,100.0,6.694515
8-303,100.0,25.1189,13.092606666666667,100.0,6.694515
8-303,100.0,25.1189,13.092606666666667,100.0,6.694515
8-303,100.0,25.1189,16.09918,3.54813,6.694515
8-303,100.0,25.1189,13.092606666666667,3.54813,6.694515
8-303,100.0,22.53575,16.09918,3.54813,6.30957
8-303,50.1187,22.53575,16.09918,3.54813,6.30957
8-303,50.1187,22.53575,16.09918,3.54813,6.30957
8-303,50.1187,22.53575,20.127386666666666,3.54813,6.30957
8-303,50.1187,22.53575,20.127386666666666,3.54813,6.694515
8-303,50.1187,19.9526,17.63163,3.854366666666667,7.07946
8-303,50.1187,19.9526,28.1838,3.72575,7.07946
8-303,56.6072,19.9526,28.1838,3.72575,7.07946
8-303,63.0957,100.0,100.0,4.90286,100.0
8-303,63.0957,100.0,11.2202,4.90286,100.0
8-303,63.0957,100.0,11.2202,4.90286,7.07946
8-303,63.0957,100.0,11.2202,4.90286,7.07946
8-303,100.0,100.0,100.0,6.30957,100.0
8-303,100.0,100.0,25.1189,6.30957,100.0
8-303,100.0,100.0,25.1189,6.30957,7.07946
8-303,100.0,100.0,16.09918,6.30957,7.07946
8-303,100.0,100.0,16.09918,6.30957,7.07946
8-303,100.0,25.1189,16.09918,6.30957,7.07946
8-303,100.0,25.1189,16.09918,6.30957,7.07946
8-303,100.0,25.1189,7.07946,3.54813,100.0
8-303,100.0,25.1189,7.07946,3.54813,100.0
8-303,100.0,25.1189,10.60243,3.54813,100.0
8-303,100.0,19.9526,14.1254,3.54813,100.0
8-303,100.0,19.9526,14.1254,3.54813,100.0
8-303,100.0,19.9526,14.1254,3.54813,100.0
8-303,100.0,19.9526,11.518955,3.54813,100.0
8-303,50.1187,19.9526,11.518955,3.54813,100.0
8-303,50.1187,19.9526,10.039123333333334,3.54813,100.0
8-303,50.1187,19.9526,7.995984999999999,4.58577,100.0
8-303,50.1187,19.9526,7.995984999999999,4.58577,100.0
8-303,50.1187,19.9526,10.039123333333334,4.58577,100.0
8-303,50.1187,28.1838,10.60243,5.62341,100.0
8-303,50.1187,28.1838,10.60243,11.703105,100.0
8-303,50.1187,28.1838,10.60243,11.703105,7.94328
8-303,50.1187,28.1838,13.719153333333333,11.703105,7.94328
8-303,100.0,28.1838,19.9526,17.7828,9.58174
8-303,100.0,28.1838,24.0682,17.7828,9.58174
8-303,100.0,100.0,100.0,7.94328,100.0
8-303,100.0,100.0,100.0,7.94328,100.0
8-303,100.0,100.0,100.0,7.94328,100.0
8-303,100.0,63.0957,100.0,7.94328,100.0
8-303,100.0,63.0957,100.0,7.94328,100.0
8-303,100.0,63.0957,56.2341,7.94328,100.0
8-303,94.56255,63.0957,56.2341,100.0,100.0
8-303,94.56255,63.0957,48.0224,100.0,100.0
8-303,94.56255,63.0957,48.0224,100.0,28.1838
8-303,94.56255,63.0957,48.0224,7.94328,28.1838
8-303,86.63990000000001,63.0957,48.0224,7.94328,28.1838
8-303,79.95985,100.0,39.8107,7.511369999999999,28.1838
8-303,70.7946,100.0,44.6684,7.07946,100.0
8-303,70.7946,100.0,44.6684,14.73333,100.0
8-303,100.0,63.0957,100.0,100.0,100.0
8-303,100.0,63.0957,100.0,100.0,11.2202
8-303,100.0,100.0,19.9526,100.0,100.0
8-303,100.0,100.0,19.9526,100.0,14.1254
8-303,100.0,100.0,19.9526,100.0,14.1254
8-303,100.0,100.0,19.9526,100.0,13.35735
8-303,100.0,89.1251,100.0,100.0,12.5893
8-303,91.4983,89.1251,100.0,100.0,12.5893
8-303,91.4983,89.1251,44.6684,100.0,12.5893
8-303,70.7946,89.1251,44.6684,100.0,76.92165
8-303,70.7946,89.1251,33.5278,100.0,76.92165
8-303,70.7946,89.1251,31.746466666666667,100.0,100.0
8-303,91.4983,89.1251,31.746466666666667,100.0,100.0
8-303,100.0,100.0,25.229966666666666,100.0,100.0
8-303,100.0,100.0,26.65135,8.91251,100.0
8-303,100.0,100.0,34.473800000000004,8.91251,100.0
8-303,100.0,100.0,34.473800000000004,8.91251,100.0
8-303,100.0,100.0,37.6188,8.91251,28.1838
8-303,79.4328,100.0,100.0,100.0,100.0
8-303,79.4328,100.0,100.0,100.0,6.30957
8-303,100.0,100.0,100.0,10.0,6.30957
8-303,100.0,100.0,100.0,8.97164,100.0
8-303,100.0,17.7828,100.0,8.97164,100.0
8-303,100.0,17.7828,100.0,8.97164,1.99526
8-303,100.0,17.7828,100.0,8.97164,1.99526
8-303,100.0,17.7828,44.6684,7.94328,1.99526
8-303,100.0,16.81585,44.6684,7.94328,1.99526
8-303,100.0,16.81585,44.6684,10.26629,1.99526
8-303,100.0,16.81585,44.6684,10.26629,1.99526
8-303,100.0,15.8489,44.6684,10.26629,100.0
8-303,100.0,15.8489,44.6684,10.26629,2.51189
8-303,100.0,43.32175,44.6684,10.26629,2.51189
8-303,100.0,70.7946,100.0,7.94328,1.755945
8-303,100.0,17.7828,100.0,100.0,100.0
8-303,100.0,17.7828,79.4328,100.0,100.0
8-303,100.0,17.7828,79.4328,100.0,2.23872
8-303,100.0,17.7828,79.4328,100.0,2.23872
8-303,100.0,17.7828,79.4328,100.0,2.3297766666666666
8-303,100.0,17.7828,79.4328,10.0,2.3297766666666666
8-303,100.0,18.8677,79.4328,10.0,2.3297766666666666
8-303,100.0,18.8677,62.0506,10.0,2.3297766666666666
8-303,100.0,19.9526,44.6684,10.0,2.3297766666666666
8-303,100.0,100.0,100.0,100.0,1.0
8-303,100.0,100.0,56.2341,100.0,1.0
8-303,100.0,100.0,100.0,100.0,1.99526
8-303,100.0,100.0,70.7946,100.0,1.99526
8-303,100.0,100.0,70.7946,12.5893,1.99526
8-303,100.0,100.0,100.0,100.0,2.23872
8-303,100.0,100.0,56.2341,100.0,2.23872
8-303,100.0,100.0,56.2341,100.0,1.61936
8-303,100.0,100.0,56.2341,100.0,1.61936
8-303,100.0,19.9526,56.2341,100.0,1.61936
8-303,100.0,19.9526,56.2341,10.0,1.61936
8-303,100.0,19.9526,56.2341,10.0,1.61936
8-303,100.0,19.9526,50.45125,10.0,1.61936
8-303,100.0,19.9526,50.45125,10.0,1.755945
8-303,100.0,19.9526,50.45125,20.8114,1.755945
8-303,100.0,100.0,39.8107,31.6228,2.51189
8-303,100.0,100.0,39.8107,31.6228,2.253575
8-303,100.0,100.0,39.8107,11.2202,1.99526
8-303,100.0,100.0,39.8107,11.2202,1.49763
8-303,100.0,100.0,64.4679,11.2202,1.49763
8-303,100.0,100.0,64.4679,11.2202,1.49763
8-303,100.0,100.0,89.1251,11.2202,1.49763
8-303,100.0,100.0,100.0,100.0,1.99526
8-303,100.0,25.1189,100.0,100.0,1.99526
8-303,100.0,25.1189,100.0,100.0,1.99526
8-303,100.0,25.1189,100.0,100.0,1.99526
8-303,100.0,100.0,100.0,100.0,0.707946
8-303,100.0,22.3872,100.0,100.0,0.707946
8-303,100.0,22.3872,56.2341,100.0,0.707946
8-303,100.0,22.3872,56.2341,100.0,0.707946
8-303,100.0,22.3872,56.2341,100.0,0.707946
8-303,100.0,22.3872,56.2341,100.0,1.609918
8-303,100.0,22.3872,56.2341,11.2202,1.609918
8-303,100.0,22.3872,50.45125,11.2202,1.609918
8-303,100.0,22.3872,50.45125,11.2202,1.609918
8-303,100.0,100.0,44.6684,11.2202,100.0
8-303,100.0,100.0,44.6684,16.8037,100.0
8-303,100.0,100.0,44.6684,16.8037,0.707946
8-303,100.0,25.1189,44.6684,22.3872,0.707946
8-303,100.0,25.1189,44.6684,22.3872,1.4733329999999998
8-303,100.0,25.1189,100.0,11.2202,2.23872
8-303,100.0,25.1189,100.0,11.2202,2.23872
8-303,100.0,25.1189,100.0,11.2202,2.23872
8-303,100.0,100.0,44.6684,11.2202,2.23872
8-303,100.0,100.0,44.6684,11.2202,2.375305
8-303,100.0,100.0,44.6684,11.2202,2.375305
8-303,100.0,100.0,100.0,100.0,1.99526
8-303,100.0,100.0,100.0,100.0,1.99526
8-303,100.0,100.0,100.0,100.0,2.11699
8-303,100.0,22.3872,100.0,100.0,2.11699
8-303,100.0,22.3872,100.0,11.2202,2.11699
8-303,100.0,22.3872,100.0,11.2202,2.11699
8-303,100.0,100.0,100.0,100.0,2.23872
8-303,100.0,100.0,44.6684,100.0,2.23872
8-303,100.0,100.0,44.6684,12.5893,2.23872
8-303,100.0,22.3872,44.6684,12.5893,2.23872
8-303,100.0,22.3872,62.0506,12.5893,2.23872
8-303,100.0,22.3872,79.4328,100.0,2.51189
8-303,100.0,22.3872,79.4328,8.91251,2.51189
8-303,100.0,22.3872,62.0506,8.91251,2.51189
8-303,100.0,22.3872,62.0506,8.91251,1.755945
8-303,100.0,22.3872,62.0506,9.456254999999999,1.755945
8-303,100.0,100.0,44.6684,14.677136666666664,1.755945
8-303,100.0,100.0,44.6684,14.677136666666664,1.91687
8-303,100.0,100.0,62.0506,17.55945,1.61936
8-303,100.0,100.0,100.0,100.0,10.0
8-303,100.0,100.0,100.0,7.94328,10.0
8-303,100.0,100.0,100.0,7.94328,10.0
8-303,100.0,100.0,17.7828,7.94328,10.0
8-303,100.0,100.0,12.046185000000001,7.94328,100.0
8-303,100.0,100.0,6.30957,17.7828,100.0
8-303,100.0,12.5893,6.30957,17.7828,100.0
8-303,100.0,12.5893,7.126424999999999,17.7828,100.0
8-303,100.0,12.5893,16.53109,17.7828,100.0
8-303,100.0,13.35735,16.53109,17.7828,100.0
8-303,100.0,13.35735,16.53109,17.7828,12.5893
8-303,100.0,14.1254,22.53575,100.0,12.5893
8-303,100.0,14.1254,22.53575,1.41254,12.5893
8-303,63.0957,14.1254,22.53575,1.41254,12.5893
8-303,100.0,14.98715,10.0,2.23872,8.116035
8-303,100.0,14.98715,10.0,3.625295,8.116035
8-303,100.0,14.98715,10.6101,3.625295,8.116035
8-303,100.0,15.919033333333333,10.6101,3.625295,8.116035
8-303,100.0,16.81585,10.6101,5.01187,10.6101
8-303,100.0,16.81585,11.269833333333333,5.01187,10.6101
8-303,100.0,100.0,12.5893,2.23872,10.0
8-303,35.4813,100.0,12.5893,2.23872,10.0
8-303,35.4813,100.0,100.0,2.23872,12.5893
8-303,35.4813,11.2202,100.0,2.23872,12.5893
8-303,40.07485,11.2202,100.0,2.23872,12.5893
8-303,40.07485,11.2202,100.0,3.35278,12.5893
8-303,40.07485,11.90475,100.0,3.35278,12.5893
8-303,40.07485,11.90475,15.8489,3.35278,12.5893
8-303,40.07485,11.90475,15.8489,3.35278,10.750905
8-303,40.07485,11.90475,15.8489,3.35278,10.750905
8-303,100.0,12.5893,15.8489,100.0,8.91251
8-303,100.0,14.219100000000001,15.8489,100.0,8.91251
8-303,100.0,15.8489,13.53455,100.0,100.0
8-303,56.2341,15.8489,13.53455,100.0,100.0
8-303,100.0,100.0,100.0,100.0,100.0
8-303,44.6684,100.0,100.0,100.0,100.0
8-303,44.6684,100.0,100.0,100.0,100.0
8-303,44.6684,100.0,100.0,2.81838,100.0
8-303,44.6684,100.0,100.0,2.81838,4.46684
8-303,50.45125,100.0,100.0,2.81838,4.46684
8-303,50.45125,100.0,100.0,2.52855,4.46684
8-303,50.45125,15.8489,100.0,2.52855,4.46684
8-303,50.45125,15.8489,100.0,3.1746466666666664,4.46684
8-303,54.666066666666666,15.8489,100.0,3.1746466666666664,4.46684
8-303,54.666066666666666,15.8489,100.0,3.1746466666666664,6.20506
8-303,54.666066666666666,22.016350000000003,100.0,3.1746466666666664,6.20506
8-303,54.666066666666666,22.016350000000003,100.0,3.1746466666666664,6.20506
8-303,59.6649,22.016350000000003,100.0,3.35278,6.20506
8-303,59.6649,22.016350000000003,100.0,2.9814266666666662,6.20506
8-303,56.48283333333333,22.016350000000003,100.0,2.9814266666666662,6.20506
8-303,56.6072,28.1838,100.0,3.35278,7.94328
8-303,56.6072,28.1838,100.0,3.35278,10.26629
8-303,56.6072,28.1838,11.2202,3.35278,10.26629
8-303,51.00836666666667,28.1838,11.2202,3.35278,10.26629
8-303,44.96469999999999,28.1838,11.2202,2.23872,10.750905
8-303,44.96469999999999,21.154600000000002,11.2202,2.23872,10.750905
8-303,44.96469999999999,21.154600000000002,11.2202,2.23872,10.750905
8-303,44.96469999999999,21.154600000000002,11.2202,2.7005,10.750905
8-303,44.6684,14.1254,11.2202,3.16228,8.91251
8-303,44.6684,14.1254,11.2202,2.837085,8.91251
8-303,44.6684,14.98715,11.2202,2.837085,8.91251
8-303,44.6684,15.8489,100.0,2.51189,11.2202
8-303,44.6684,15.8489,100.0,2.51189,11.2202
8-303,44.6684,15.8489,100.0,2.375305,11.2202
8-303,44.6684,14.98715,100.0,2.375305,11.2202
8-303,44.6684,14.98715,100.0,2.375305,11.2202
8-303,44.6684,14.98715,14.1254,2.375305,11.2202
8-303,44.6684,14.98715,14.1254,2.375305,7.6006350000000005
8-303,40.31986666666666,14.98715,14.1254,2.375305,7.6006350000000005
8-303,40.31986666666666,14.98715,14.1254,2.248623333333333,7.6006350000000005
8-303,100.0,100.0,11.2202,100.0,100.0
8-303,100.0,100.0,11.2202,100.0,11.2202
8-303,100.0,100.0,11.2202,2.81838,11.2202
8-303,100.0,100.0,11.2202,2.81838,7.6006350000000005
8-303,79.4328,100.0,11.2202,2.81838,7.6006350000000005
8-303,79.4328,31.6228,11.2202,2.81838,7.6006350000000005
8-303,79.4328,31.6228,11.2202,2.81838,7.6006350000000005
8-303,79.4328,31.6228,11.2202,2.81838,7.6006350000000005
8-303,79.4328,31.6228,11.2202,2.6251599999999997,7.6006350000000005
8-303,79.4328,31.6228,11.2202,2.6251599999999997,6.556036666666667
8-303,79.4328,31.6228,11.2202,2.6251599999999997,6.556036666666667
8-303,62.0506,31.6228,11.2202,2.52855,4.223955
8-303,62.0506,31.6228,11.2202,2.52855,6.149303333333333
8-303,44.6684,100.0,11.2202,2.375305,7.233420000000001
8-303,44.6684,100.0,100.0,2.253575,10.0
8-303,44.6684,100.0,100.0,2.253575,100.0
8-303,44.6684,14.1254,100.0,1.99526,100.0
8-303,44.6684,14.1254,100.0,2.7716950000000002,100.0
8-303,44.6684,14.1254,11.2202,2.7716950000000002,100.0
8-303,44.6684,14.1254,11.2202,2.7716950000000002,14.1254
8-303,44.6684,14.1254,11.2202,3.54813,10.60243
8-303,44.6684,14.1254,11.2202,3.54813,10.60243
8-303,44.6684,14.1254,11.2202,3.54813,10.60243
8-303,100.0,14.1254,11.2202,3.54813,8.12238
8-303,100.0,11.518955,11.2202,3.54813,8.12238
8-303,100.0,8.91251,16.8037,3.54813,5.12087
8-303,100.0,100.0,5.62341,100.0,100.0
8-303,100.0,100.0,5.62341,100.0,3.98107
8-303,100.0,100.0,5.62341,5.01187,3.98107
8-303,100.0,12.5893,5.62341,5.01187,3.98107
8-303,100.0,11.90475,5.62341,5.01187,3.98107
8-303,100.0,11.90475,5.62341,5.01187,3.98107
8-303,70.7946,11.2202,100.0,5.01187,100.0
8-303,70.7946,11.2202,100.0,5.31764,100.0
8-303,70.7946,11.2202,100.0,5.31764,2.51189
8-303,70.7946,100.0,100.0,5.62341,2.51189
8-303,70.7946,100.0,100.0,5.62341,2.51189
8-303,70.7946,8.91251,100.0,5.62341,2.51189
8-303,70.7946,8.91251,5.62341,5.62341,2.51189
8-303,70.7946,8.91251,5.62341,5.62341,2.51189
8-303,98.3438,8.91251,5.62341,5.62341,2.51189
8-303,100.0,12.380704999999999,5.62341,5.62341,100.0
8-303,100.0,12.380704999999999,5.62341,5.31764,100.0
8-303,100.0,12.380704999999999,5.62341,5.31764,2.81838
8-303,100.0,12.380704999999999,5.62341,5.31764,2.81838
8-303,100.0,12.380704999999999,22.717055,5.31764,2.81838
8-303,100.0,15.8489,22.717055,5.01187,2.81838
8-303,100.0,15.8489,17.247893333333334,5.01187,2.81838
8-303,100.0,15.8489,23.060135,5.01187,2.81838
8-303,39.8107,15.8489,23.060135,5.01187,2.81838
8-303,39.8107,15.8489,6.30957,100.0,2.81838
8-303,39.8107,15.8489,6.30957,5.01187,2.81838
8-303,39.8107,15.8489,44.6684,5.01187,100.0
8-303,39.8107,15.8489,44.6684,5.6607199999999995,100.0
8-303,55.30265,15.8489,44.6684,5.6607199999999995,100.0
8-303,100.0,100.0,100.0,100.0,100.0
8-303,100.0,100.0,100.0,7.07946,100.0
8-303,100.0,100.0,44.6684,7.07946,100.0
8-303,70.7946,100.0,44.6684,7.07946,100.0
8-303,70.7946,100.0,44.6684,6.045665,100.0
8-303,70.7946,100.0,50.45125,6.045665,100.0
8-303,70.7946,100.0,50.45125,6.045665,3.98107
8-303,100.0,12.5893,56.2341,5.01187,3.98107
8-303,100.0,12.5893,56.2341,5.01187,3.399725
8-303,100.0,12.5893,56.2341,5.01187,3.399725
8-303,100.0,12.5893,56.2341,100.0,2.81838
8-303,100.0,12.5893,56.2341,5.62341,2.81838
8-303,100.0,10.750905,56.2341,5.62341,2.81838
8-303,100.0,10.750905,56.2341,5.62341,2.81838
8-303,50.1187,10.750905,56.2341,5.62341,2.81838
8-303,50.1187,10.750905,56.2341,5.62341,3.2059433333333334
8-303,44.96469999999999,8.91251,56.2341,5.62341,3.399725
8-303,44.96469999999999,8.91251,56.2341,5.62341,3.5935066666666664
8-303,44.96469999999999,8.91251,53.1764,5.62341,3.5935066666666664
8-303,44.96469999999999,8.91251,53.1764,4.802239999999999,3.5935066666666664
8-303,44.96469999999999,100.0,47.39355,3.98107,3.98107
8-303,44.96469999999999,100.0,47.39355,4.802239999999999,3.98107
8-303,39.8107,100.0,46.485166666666665,4.802239999999999,3.98107
8-303,39.8107,100.0,46.485166666666665,4.802239999999999,3.24648
8-303,48.0224,100.0,46.485166666666665,4.802239999999999,3.24648
8-303,56.2341,100.0,44.6684,100.0,2.51189
8-303,56.2341,17.7828,44.6684,100.0,2.51189
8-303,56.2341,17.7828,25.145905,100.0,2.51189
8-303,56.2341,17.7828,25.145905,5.01187,2.51189
8-303,56.2341,17.7828,25.145905,5.01187,3.03001
8-303,53.1764,17.7828,25.145905,5.01187,3.03001
8-303,100.0,100.0,6.30957,100.0,100.0
8-303,100.0,100.0,6.30957,100.0,3.98107
8-303,100.0,100.0,6.30957,4.46684,3.98107
8-303,100.0,100.0,6.30957,4.46684,3.98107
8-303,100.0,100.0,100.0,4.46684,100.0
8-303,100.0,100.0,100.0,4.46684,100.0
8-303,100.0,100.0,100.0,3.81456,100.0
8-303,100.0,100.0,44.6684,3.81456,100.0
8-303,100.0,100.0,44.6684,4.213663333333334,100.0
8-303,100.0,100.0,44.6684,4.213663333333334,100.0
8-303,100.0,100.0,44.6684,4.213663333333334,100.0
8-303,100.0,100.0,44.6684,4.0870750000000005,3.16228
8-303,100.0,100.0,27.3342,4.0870750000000005,3.16228
8-303,100.0,100.0,27.3342,2.9515605000000003,3.16228
8-303,100.0,100.0,27.3342,2.9515605000000003,3.16228
8-303,100.0,100.0,27.3342,2.9515605000000003,3.16228
8-303,100.0,100.0,27.3342,2.9515605000000003,6.5811399999999995
8-303,100.0,100.0,44.6684,0.891251,10.0
8-303,63.0957,100.0,44.6684,0.891251,10.0
8-303,63.0957,100.0,44.6684,0.891251,10.0
8-303,63.0957,19.9526,44.6684,0.891251,10.0
8-303,53.88205,19.9526,44.6684,0.891251,100.0
8-303,70.7946,100.0,100.0,100.0,100.0
8-303,70.7946,100.0,12.5893,100.0,100.0
8-303,70.7946,100.0,12.5893,2.51189,100.0
8-303,70.7946,44.6684,12.5893,2.51189,100.0
8-303,70.7946,44.6684,10.26629,2.51189,100.0
8-303,70.7946,44.6684,10.26629,2.51189,100.0
8-303,75.1137,44.6684,10.26629,2.51189,100.0
8-303,75.1137,44.6684,10.26629,2.51189,7.94328
8-303,75.1137,44.6684,10.26629,1.7015705,7.94328
8-303,75.1137,32.3105,10.26629,1.7015705,7.94328
8-303,79.4328,32.3105,7.94328,1.7015705,7.94328
8-303,79.4328,32.3105,7.94328,1.3991563333333332,7.94328
8-303,79.4328,32.3105,7.94328,1.3991563333333332,7.94328
8-303,79.4328,32.3105,23.87699,1.3991563333333332,7.94328
8-303,79.4328,19.9526,39.8107,0.8427895000000001,6.349613333333333
8-303,79.4328,29.88165,39.8107,0.8427895000000001,6.349613333333333
8-303,79.4328,29.88165,24.90535,0.8427895000000001,6.349613333333333
8-303,100.0,39.8107,10.0,100.0,3.16228
8-303,100.0,39.8107,9.456254999999999,100.0,3.16228
8-303,100.0,33.99725,9.456254999999999,100.0,3.16228
8-303,100.0,33.99725,9.456254999999999,100.0,2.99033
8-303,79.4328,28.1838,8.91251,100.0,2.81838
8-303,79.4328,28.1838,8.91251,100.0,2.81838
8-303,79.4328,28.1838,9.456254999999999,100.0,2.81838
8-303,79.4328,28.1838,9.456254999999999,1.99526,2.81838
8-303,79.4328,31.832549999999998,9.456254999999999,1.99526,2.81838
8-303,79.4328,31.832549999999998,9.456254999999999,1.99526,2.99033
8-303,79.4328,31.832549999999998,9.456254999999999,1.99526,2.9330133333333333
8-303,79.4328,31.832549999999998,9.456254999999999,1.99526,2.9330133333333333
8-303,79.4328,34.49193333333333,9.456254999999999,1.99526,2.9330133333333333
8-303,79.4328,37.646,10.0,1.99526,2.99033
8-303,79.4328,37.646,10.0,1.99526,2.99033
8-303,100.0,39.8107,10.0,100.0,2.81838
8-303,100.0,39.8107,10.0,2.51189,2.81838
8-303,100.0,39.8107,10.0,2.51189,2.81838
8-303,100.0,100.0,100.0,100.0,100.0
8-303,100.0,100.0,100.0,100.0,3.16228
8-303,100.0,100.0,100.0,100.0,3.16228
8-303,100.0,100.0,35.4813,100.0,3.16228
8-303,100.0,25.1189,35.4813,100.0,3.16228
8-303,100.0,25.1189,35.4813,0.891251,3.16228
8-303,56.2341,25.1189,35.4813,0.891251,3.16228
8-303,56.2341,25.1189,35.4813,0.891251,3.16228
8-303,59.6649,25.1189,35.4813,0.891251,3.16228
8-303,59.6649,25.1189,35.4813,0.8427895000000001,3.16228
8-303,59.6649,25.1189,35.4813,0.8427895000000001,3.16228
8-303,63.0957,100.0,100.0,0.794328,7.94328
8-303,63.0957,100.0,100.0,1.394794,7.94328
8-303,63.0957,100.0,31.6228,1.394794,7.94328
8-303,79.4328,100.0,31.6228,1.99526,7.94328
8-303,79.4328,100.0,31.6228,1.88677,7.94328
8-303,64.77575,100.0,31.6228,1.88677,7.94328
8-303,64.77575,100.0,31.6228,1.88677,7.94328
8-303,64.77575,100.0,20.8114,1.88677,7.94328
8-303,64.77575,100.0,20.8114,1.88677,7.94328
8-303,64.77575,100.0,10.0,2.29833,7.94328
8-303,64.77575,100.0,10.0,2.29833,7.94328
8-303,64.77575,100.0,24.90535,2.29833,7.94328
8-303,64.77575,100.0,24.90535,2.29833,5.55278
8-303,50.1187,100.0,24.90535,2.81838,6.349613333333333
8-303,50.1187,100.0,28.430666666666667,2.81838,6.349613333333333
8-303,50.1187,100.0,28.430666666666667,2.81838,6.349613333333333
8-303,53.1764,100.0,28.430666666666667,2.81838,6.349613333333333
8-303,53.1764,63.0957,28.430666666666667,2.81838,6.349613333333333
8-303,53.1764,63.0957,28.430666666666667,1.8548155,6.349613333333333
8-303,56.2341,63.0957,37.646,1.8548155,5.55278
8-303,56.2341,63.0957,37.646,1.8548155,6.061673333333334
8-303,56.2341,63.0957,37.646,1.8548155,6.061673333333334
8-303,56.2341,63.0957,35.4813,0.891251,7.511369999999999
8-303,56.2341,63.0957,35.4813,0.891251,6.061673333333332
8-303,100.0,100.0,100.0,100.0,4.468006666666667
8-303,100.0,100.0,100.0,2.51189,4.468006666666667
8-303,100.0,100.0,44.6684,2.51189,4.468006666666667
8-303,100.0,100.0,44.6684,2.51189,4.468006666666667
8-303,100.0,44.6684,44.6684,2.51189,4.468006666666667
8-303,56.2341,44.6684,44.6684,2.51189,4.468006666666667
8-303,100.0,100.0,5.01187,100.0,100.0
8-303,100.0,100.0,5.01187,3.54813,100.0
8-303,100.0,100.0,5.01187,3.54813,14.1254
8-303,100.0,100.0,5.01187,5.313795,14.1254
8-303,100.0,100.0,5.01187,5.313795,14.1254
8-303,100.0,100.0,5.01187,5.313795,14.1254
8-303,100.0,100.0,5.01187,5.313795,14.1254
8-303,100.0,100.0,5.01187,6.19029,14.1254
8-303,56.2341,100.0,5.01187,7.511369999999999,14.1254
8-303,56.2341,100.0,5.6607199999999995,7.511369999999999,14.1254
8-303,56.2341,100.0,5.6607199999999995,7.511369999999999,9.874405
8-303,56.2341,15.8489,5.6607199999999995,7.511369999999999,9.874405
8-303,56.2341,15.8489,6.421573333333332,7.94328,9.874405
8-303,56.2341,15.8489,6.421573333333332,7.94328,9.874405
8-303,56.2341,16.81585,6.421573333333332,7.94328,9.874405
8-303,56.2341,16.81585,6.421573333333332,7.94328,9.916269999999999
8-303,56.2341,16.81585,6.421573333333332,5.962175,9.916269999999999
8-303,56.2341,16.81585,7.126424999999999,3.98107,6.878426666666667
8-303,56.2341,16.81585,7.126424999999999,4.223955,6.878426666666667
8-303,56.2341,16.81585,6.421573333333332,4.223955,6.878426666666667
8-303,56.2341,16.493533333333335,6.421573333333332,4.223955,6.878426666666667
8-303,56.2341,16.493533333333335,6.421573333333332,4.223955,6.878426666666667
8-303,100.0,17.138166666666667,6.477575,4.223955,7.505935
8-303,100.0,17.138166666666667,6.477575,4.223955,6.878426666666667
8-303,100.0,17.138166666666667,6.477575,4.142993333333333,6.878426666666667
8-303,70.7946,17.138166666666667,6.477575,4.142993333333333,6.878426666666667
8-303,70.7946,16.81585,5.01187,4.223955,5.31764
8-303,100.0,100.0,5.01187,100.0,100.0
8-303,100.0,100.0,5.01187,100.0,12.5893
8-303,100.0,15.8489,100.0,100.0,100.0
8-303,100.0,15.8489,100.0,100.0,12.5893
8-303,100.0,15.8489,7.94328,100.0,12.5893
8-303,100.0,15.8489,7.94328,100.0,12.5893
8-303,100.0,15.8489,7.94328,100.0,12.5893
8-303,100.0,19.11805,7.94328,100.0,12.5893
8-303,100.0,19.11805,7.94328,7.94328,12.5893
8-303,100.0,19.11805,7.94328,7.94328,8.800585
8-303,100.0,19.11805,7.94328,7.94328,8.800585
8-303,100.0,19.11805,7.94328,7.94328,8.800585
8-303,100.0,19.11805,7.94328,7.511369999999999,8.800585
8-303,100.0,22.3872,7.94328,7.511369999999999,9.568635
8-303,100.0,22.3872,7.94328,7.511369999999999,9.568635
8-303,100.0,21.1699,7.94328,7.511369999999999,9.568635
8-303,100.0,19.9526,6.20506,7.07946,14.1254
8-303,100.0,18.8677,6.20506,100.0,14.1254
8-303,100.0,18.8677,6.20506,7.94328,14.1254
8-303,100.0,18.8677,6.20506,7.94328,14.1254
8-303,100.0,18.8677,6.784466666666667,7.94328,14.1254
8-303,100.0,22.9833,6.20506,7.94328,14.1254
8-303,100.0,22.9833,6.20506,7.94328,14.1254
8-303,100.0,22.9833,7.94328,7.94328,11.087556666666666
8-303,100.0,30.211666666666662,7.94328,7.94328,11.087556666666666
8-303,100.0,36.4261,100.0,100.0,9.568635
8-303,100.0,43.02876666666666,100.0,100.0,9.568635
8-303,100.0,43.02876666666666,5.62341,100.0,9.568635
8-303,100.0,50.45125,5.62341,100.0,5.01187
8-303,100.0,50.45125,5.62341,100.0,8.800585
8-303,70.7946,50.45125,5.62341,100.0,8.800585
8-303,70.7946,38.91713333333333,5.62341,100.0,8.800585
8-303,70.7946,36.0415,5.62341,7.94328,12.5893
8-303,70.7946,36.0415,5.62341,7.94328,12.5893
8-303,100.0,100.0,100.0,100.0,5.62341
8-303,100.0,100.0,100.0,100.0,5.62341
8-303,100.0,15.8489,100.0,100.0,5.62341
8-303,100.0,15.8489,5.01187,100.0,5.62341
8-303,100.0,15.8489,5.01187,100.0,5.62341
8-303,100.0,15.8489,5.01187,100.0,10.736155
8-303,100.0,15.8489,5.01187,100.0,9.031906666666666
8-303,100.0,15.8489,5.01187,7.07946,9.031906666666666
8-303,100.0,15.8489,4.739355,7.07946,9.031906666666666
8-303,100.0,15.8489,4.739355,5.530265,10.736155
8-303,100.0,100.0,5.77315,5.530265,5.62341
8-303,100.0,100.0,5.77315,5.530265,5.62341
8-303,100.0,100.0,5.77315,5.530265,10.736155
8-303,100.0,15.8489,5.77315,5.530265,10.736155
8-303,100.0,15.8489,6.045665,3.98107,15.8489
8-303,89.7164,15.8489,6.045665,3.98107,15.8489
8-303,89.7164,15.8489,6.045665,3.98107,15.8489
8-303,89.7164,15.8489,6.045665,2.81838,15.8489
8-303,89.7164,15.8489,6.045665,2.81838,15.8489
8-303,79.4328,100.0,5.01187,2.99033,15.8489
8-303,100.0,100.0,100.0,2.99033,8.91251
8-303,79.4328,100.0,100.0,2.99033,8.91251
8-303,79.4328,100.0,19.9526,2.99033,8.91251
8-303,79.4328,100.0,19.9526,2.99033,8.91251
8-303,79.4328,100.0,19.9526,3.16228,8.91251
8-303,79.4328,100.0,29.88165,3.16228,8.91251
8-303,89.7164,100.0,29.88165,3.16228,8.91251
8-303,89.7164,100.0,29.88165,3.16228,10.066355
8-303,89.7164,15.8489,29.88165,3.16228,10.066355
8-303,89.7164,15.8489,28.294066666666666,100.0,10.066355
8-303,89.7164,15.8489,28.294066666666666,100.0,10.044236666666666
8-303,100.0,100.0,15.8489,100.0,100.0
8-303,100.0,100.0,15.8489,100.0,7.94328
8-303,100.0,100.0,15.8489,19.9526,7.94328
8-303,44.6684,100.0,15.8489,19.9526,7.94328
8-303,44.6684,17.7828,15.8489,19.9526,7.94328
8-303,44.6684,17.7828,15.8489,19.9526,7.94328
8-303,100.0,100.0,22.3872,100.0,100.0
8-303,100.0,100.0,22.3872,100.0,7.94328
8-303,100.0,100.0,22.3872,100.0,7.94328
8-303,100.0,100.0,22.3872,50.1187,7.94328
8-303,100.0,100.0,23.75305,50.1187,7.94328
8-303,100.0,100.0,23.75305,50.1187,8.628853333333334
8-303,100.0,100.0,25.1189,50.1187,8.628853333333334
8-303,79.4328,100.0,25.1189,50.1187,8.628853333333334
8-303,79.4328,100.0,25.1189,100.0,8.951929999999999
8-303,79.4328,100.0,25.1189,100.0,8.951929999999999
8-303,79.4328,100.0,28.1838,100.0,8.427895
8-303,79.4328,100.0,28.1838,7.07946,8.427895
8-303,79.4328,25.1189,28.1838,7.07946,8.427895
8-303,52.27585,25.1189,28.1838,7.07946,8.427895
8-303,52.27585,25.1189,28.1838,7.07946,8.427895
8-303,52.27585,25.1189,28.1838,7.07946,8.266356666666667
8-303,25.1189,25.1189,31.832549999999998,7.07946,8.427895
8-303,47.95675,25.1189,31.832549999999998,7.07946,8.427895
8-303,47.95675,25.1189,31.832549999999998,8.53973,8.427895
8-303,47.95675,25.1189,31.832549999999998,8.53973,8.427895
8-303,100.0,100.0,100.0,100.0,7.94328
8-303,50.1187,100.0,100.0,100.0,7.94328
8-303,50.1187,7.94328,100.0,100.0,7.94328
8-303,50.1187,7.94328,28.1838,100.0,7.94328
8-303,50.1187,7.94328,28.1838,22.3872,7.94328
8-303,53.1764,7.94328,28.1838,22.3872,7.94328
8-303,53.1764,7.94328,28.1838,19.11805,7.94328
8-303,53.1764,7.94328,28.1838,19.11805,7.94328
8-303,53.1764,7.94328,22.9833,19.11805,7.94328
8-303,53.1764,7.94328,22.9833,19.11805,8.427895
8-303,56.2341,7.94328,21.973066666666668,19.11805,8.91251
8-303,56.2341,7.94328,21.973066666666668,19.11805,10.066355
8-303,50.45125,7.94328,21.973066666666668,19.11805,10.066355
8-303,50.45125,7.94328,21.973066666666668,13.582663333333334,10.066355
8-303,50.45125,7.94328,21.973066666666668,13.582663333333334,10.066355
8-303,44.6684,100.0,23.1194,9.180395,10.066355
8-303,44.6684,100.0,23.1194,9.180395,10.45097
8-303,44.6684,22.3872,23.1194,9.180395,10.45097
8-303,44.6684,22.3872,22.474766666666667,2.51189,11.2202
8-303,44.6684,22.3872,22.474766666666667,4.41073,11.2202
8-303,44.6684,22.3872,23.73585,6.30957,11.2202
8-303,44.6684,22.3872,21.751500000000004,6.30957,11.2202
8-303,44.6684,10.0,16.81585,6.30957,100.0
8-303,57.7315,10.0,16.81585,6.30957,100.0
8-303,57.7315,10.0,17.7828,2.81838,100.0
8-303,57.7315,10.0,24.702800000000003,2.81838,100.0
8-303,57.7315,12.92445,24.702800000000003,2.81838,100.0
8-303,57.7315,12.92445,24.702800000000003,2.81838,10.0
8-303,70.7946,12.92445,31.6228,2.81838,10.0
8-303,100.0,15.8489,31.6228,2.81838,10.6101
8-303,100.0,12.380704999999999,31.6228,2.81838,10.6101
8-303,25.1189,12.380704999999999,31.6228,2.81838,10.6101
8-303,100.0,100.0,100.0,7.07946,100.0
8-303,100.0,100.0,17.7828,7.07946,100.0
8-303,100.0,100.0,17.7828,7.07946,100.0
8-303,100.0,17.7828,17.7828,7.07946,100.0
8-303,100.0,17.7828,22.9833,7.07946,100.0
8-303,63.0957,17.7828,22.9833,7.07946,100.0
8-303,63.0957,17.7828,25.863133333333334,7.07946,100.0
8-303,63.0957,17.7828,25.863133333333334,7.07946,7.07946
8-303,39.8107,100.0,31.6228,100.0,7.07946
8-303,39.8107,100.0,100.0,100.0,5.62341
8-303,39.8107,100.0,39.8107,100.0,5.62341
8-303,39.8107,63.0957,39.8107,100.0,5.62341
8-303,39.8107,63.0957,39.8107,100.0,9.874405
8-303,100.0,63.0957,22.138769999999997,100.0,9.874405
8-303,100.0,63.0957,22.138769999999997,22.3872,9.874405
8-303,89.1251,63.0957,22.138769999999997,22.3872,9.874405
8-303,89.1251,100.0,4.46684,22.3872,10.60243
8-303,89.1251,100.0,4.739355,22.3872,10.60243
8-303,89.1251,100.0,4.739355,12.77474,10.60243
8-303,100.0,100.0,5.62341,100.0,100.0
8-303,100.0,100.0,5.62341,100.0,100.0
8-303,100.0,100.0,5.62341,6.30957,100.0
8-303,100.0,100.0,5.62341,6.30957,7.94328
8-303,100.0,100.0,5.62341,4.92885,7.94328
8-303,100.0,100.0,5.62341,4.92885,7.94328
8-303,100.0,100.0,4.802239999999999,4.92885,7.94328
8-303,100.0,100.0,4.69044,4.92885,7.94328
8-303,100.0,100.0,4.69044,4.92885,7.94328
8-303,100.0,100.0,4.69044,4.339993333333333,7.94328
8-303,100.0,12.5893,4.69044,4.339993333333333,7.94328
8-303,100.0,12.5893,4.69044,3.3552049999999998,7.94328
8-303,100.0,12.5893,4.69044,3.3552049999999998,7.511369999999999
8-303,100.0,12.5893,5.0451250000000005,3.16228,7.511369999999999
8-303,100.0,100.0,5.31764,100.0,7.07946
8-303,100.0,100.0,5.01187,100.0,8.91251
8-303,100.0,12.5893,5.01187,100.0,8.91251
8-303,100.0,12.5893,4.49647,100.0,8.91251
8-303,100.0,12.5893,4.49647,6.30957,8.91251
8-303,100.0,12.5893,4.872116666666667,6.30957,8.91251
8-303,100.0,12.5893,4.872116666666667,6.30957,8.91251
8-303,100.0,12.5893,4.872116666666667,6.30957,9.456254999999999
8-303,100.0,12.5893,4.802239999999999,5.14532,9.456254999999999
8-303,100.0,100.0,4.802239999999999,3.98107,10.0
8-303,100.0,100.0,3.98107,3.98107,10.0
8-303,100.0,100.0,100.0,100.0,3.54813
8-303,100.0,100.0,5.62341,100.0,100.0
8-303,100.0,100.0,5.62341,100.0,100.0
8-303,100.0,100.0,5.62341,100.0,7.94328
8-303,100.0,100.0,5.62341,100.0,8.427895
8-303,100.0,100.0,5.0451250000000005,100.0,8.427895
8-303,100.0,15.8489,5.0451250000000005,100.0,8.427895
8-303,100.0,100.0,100.0,100.0,100.0
8-303,100.0,100.0,100.0,100.0,7.07946
8-303,100.0,100.0,3.98107,100.0,7.07946
8-303,100.0,100.0,3.98107,6.30957,7.07946
8-303,100.0,100.0,4.802239999999999,6.30957,7.07946
8-303,100.0,100.0,100.0,3.54813,100.0
8-303,100.0,100.0,5.62341,3.54813,100.0
8-303,100.0,100.0,5.62341,3.54813,7.94328
8-303,100.0,89.1251,5.62341,3.54813,7.94328
8-303,100.0,89.1251,5.62341,3.54813,7.94328
8-303,100.0,89.1251,5.62341,3.54813,7.94328
8-303,100.0,89.1251,5.62341,3.54813,8.427895
8-303,100.0,89.1251,5.62341,100.0,8.427895
8-303,100.0,100.0,5.62341,100.0,6.037395
8-303,100.0,100.0,5.62341,100.0,6.037395
8-303,100.0,100.0,5.62341,100.0,3.16228
8-303,100.0,15.8489,5.62341,100.0,3.16228
8-303,100.0,15.8489,5.62341,100.0,5.12087
8-303,100.0,15.8489,5.62341,3.54813,5.12087
8-303,100.0,15.8489,100.0,3.54813,7.07946
8-303,100.0,15.8489,5.62341,3.54813,7.07946
8-303,100.0,15.8489,5.62341,3.54813,7.995984999999999
8-303,100.0,15.8489,5.62341,3.54813,7.995984999999999
8-303,100.0,14.98715,5.62341,3.54813,7.995984999999999
8-303,100.0,14.98715,4.802239999999999,3.54813,7.995984999999999
8-303,100.0,14.98715,4.802239999999999,3.419513333333333,7.995984999999999
8-303,100.0,14.98715,4.802239999999999,3.419513333333333,7.978416666666665
8-303,100.0,14.98715,4.802239999999999,3.419513333333333,7.978416666666665
8-303,100.0,100.0,3.98107,3.16228,7.94328
8-303,100.0,100.0,4.802239999999999,3.16228,7.94328
8-303,100.0,100.0,4.802239999999999,5.12087,7.94328
8-303,100.0,100.0,4.802239999999999,5.12087,8.427895
8-303,100.0,14.1254,100.0,100.0,100.0
8-303,100.0,14.1254,100.0,100.0,7.07946
8-303,100.0,14.1254,100.0,3.16228,7.07946
8-303,100.0,46.7791,100.0,3.16228,7.07946
8-303,100.0,46.7791,100.0,3.16228,7.511369999999999
8-303,100.0,46.7791,100.0,3.16228,7.511369999999999
8-303,100.0,46.7791,100.0,3.16228,7.65534
8-303,100.0,79.4328,100.0,100.0,6.349613333333333
8-303,100.0,79.4328,100.0,7.07946,6.349613333333333
8-303,79.4328,100.0,100.0,7.07946,5.55278
8-303,79.4328,100.0,100.0,7.07946,6.061673333333334
8-303,79.4328,100.0,5.01187,7.07946,6.061673333333334
8-303,79.4328,14.1254,5.01187,7.07946,6.061673333333334
8-303,79.4328,14.1254,5.01187,6.694515,6.061673333333334
8-303,79.4328,13.35735,5.01187,6.30957,7.07946
8-303,79.4328,13.35735,5.31764,6.30957,7.07946
8-303,100.0,12.5893,5.62341,100.0,100.0
8-303,100.0,12.5893,5.62341,100.0,3.16228
8-303,100.0,12.5893,5.62341,3.54813,3.16228
8-303,100.0,76.92165,5.62341,3.54813,3.16228
8-303,100.0,76.92165,5.62341,3.54813,6.037395
8-303,100.0,100.0,5.62341,3.54813,6.037395
8-303,100.0,100.0,5.0451250000000005,3.54813,6.037395
8-303,100.0,100.0,5.0451250000000005,3.54813,5.2076400000000005
8-303,100.0,100.0,4.46684,100.0,6.513366666666666
8-303,100.0,100.0,5.0451250000000005,100.0,6.513366666666666
8-303,100.0,100.0,3.98107,100.0,100.0
8-303,100.0,14.1254,3.98107,100.0,100.0
8-303,100.0,14.1254,3.98107,100.0,3.54813
8-303,100.0,14.1254,3.98107,5.01187,3.54813
8-303,100.0,14.1254,3.98107,5.01187,3.54813
8-303,100.0,14.1254,3.98107,5.01187,3.54813
8-303,70.7946,14.1254,3.98107,5.01187,3.54813
8-303,70.7946,14.1254,3.98107,5.01187,8.068715
8-303,70.7946,14.1254,3.98107,5.01187,7.482333333333333
8-303,70.7946,100.0,3.98107,100.0,10.03969
8-303,57.7315,100.0,3.98107,100.0,10.03969
8-303,57.7315,100.0,3.98107,5.01187,10.03969
8-303,57.7315,100.0,3.98107,5.01187,10.03969
8-303,57.7315,100.0,5.530265,5.01187,10.03969
8-303,44.6684,100.0,7.07946,5.01187,8.764885
8-303,44.6684,11.2202,7.07946,5.01187,8.764885
8-303,44.6684,11.2202,11.46418,5.01187,11.2202
8-303,44.6684,10.6101,11.46418,5.01187,11.2202
8-303,37.24133333333333,10.6101,11.46418,5.01187,11.2202
8-303,33.5278,9.17659,15.8489,100.0,100.0
8-303,33.5278,9.17659,15.8489,100.0,3.98107
8-303,33.5278,9.17659,12.92445,100.0,3.98107
8-303,22.3872,8.154785,12.92445,100.0,3.98107
8-303,22.3872,8.154785,12.92445,100.0,5.14532
8-303,22.3872,12.08739,12.92445,100.0,5.14532
8-303,36.25295,12.08739,12.92445,100.0,5.14532
8-303,36.25295,12.08739,20.4434,100.0,5.14532
8-303,50.1187,13.131085,22.74065,100.0,5.14532
8-303,50.1187,13.131085,22.74065,0.501187,5.14532
